StudentID,Age,Gender,Ethnicity,ParentalEducation,StudyTimeWeekly,Absences,Tutoring,ParentalSupport,Extracurricular,Sports,Music,Volunteering,GradeClass
1001,17,1,0,2,19.83372,7,1,2,0,0,1,0,0
1002,18,0,0,1,15.40876,0,0,1,0,0,0,0,1
1003,15,0,2,3,4.21057,26,0,2,0,0,0,0,0
1004,17,1,0,3,10.02883,14,0,3,1,0,0,0,0
1005,17,1,0,2,4.672495,17,1,3,0,0,0,0,0
1006,18,0,0,1,8.191219,0,0,1,1,0,0,0,1
1007,15,0,1,1,15.60168,10,0,3,0,1,0,0,0
1008,15,1,1,4,15.4245,22,1,1,1,0,0,0,0
1009,17,0,0,0,4.562008,1,0,2,0,1,0,1,0
1010,16,1,0,1,18.44447,0,0,3,1,0,0,0,1
1011,17,0,0,1,11.85136,11,0,1,0,0,0,0,0
1012,17,0,0,1,7.598486,15,0,2,0,0,0,1,0
1013,17,0,1,1,10.03871,21,0,3,1,0,0,0,0
1014,17,0,1,2,12.10143,21,0,4,0,1,0,0,0
1015,18,1,0,1,11.19781,9,1,2,0,0,0,0,0
1016,15,0,0,2,9.728101,17,1,0,0,1,0,0,0
1017,18,0,3,1,10.09866,14,0,2,1,1,0,0,0
1018,18,1,0,0,3.528238,16,1,2,0,0,0,0,0
1019,18,0,1,3,16.25466,29,0,2,1,0,0,1,0
1020,17,0,0,1,10.83521,9,0,2,0,0,1,0,0
1021,16,1,0,3,2.621597,2,0,3,0,0,0,1,0
1022,15,0,0,2,15.32314,25,0,1,1,0,0,0,0
1023,16,1,1,0,18.64888,29,1,1,0,0,0,0,0
1024,18,1,3,4,18.94614,20,0,2,1,0,0,0,0
1025,18,1,0,1,7.380355,15,0,2,0,0,0,0,0
1026,16,1,0,3,2.710337,5,0,4,0,0,1,0,0
1027,16,0,0,1,10.36799,2,0,2,0,1,0,0,0
1028,16,1,0,3,2.252185,8,0,3,0,0,1,0,0
1029,18,0,0,0,18.67975,10,0,3,1,0,0,0,0
1030,18,0,0,2,3.671593,20,0,3,1,0,0,0,0
1031,15,0,2,2,5.055317,12,1,0,0,1,0,0,0
1032,15,0,0,3,8.132731,17,0,4,0,0,0,1,0
1033,18,0,0,3,7.663289,25,0,1,0,1,0,0,0
1034,16,0,3,3,15.89326,21,0,0,1,1,0,0,0
1035,16,0,0,3,9.126336,27,1,2,1,1,0,0,0
1036,15,0,3,1,3.415365,23,0,1,0,0,0,0,0
1037,18,0,0,1,5.344198,26,1,1,0,0,0,0,0
1038,15,0,2,1,10.18227,21,1,1,0,1,0,0,0
1039,15,1,1,1,2.949078,3,1,1,1,1,0,0,1
1040,17,1,2,1,12.23311,21,1,3,1,1,0,0,0
1041,17,1,3,2,11.31495,23,1,1,0,0,0,0,0
1042,17,0,0,1,14.29405,7,0,2,0,0,0,0,0
1043,16,1,3,2,18.75409,12,1,4,0,0,0,0,0
1044,18,1,0,1,18.24509,9,0,2,0,1,0,0,0
1045,18,1,0,1,18.92151,1,1,3,1,1,0,0,1
1046,18,0,0,2,4.894312,7,0,4,0,0,1,0,0
1047,18,0,1,2,2.631306,5,0,1,1,0,0,0,0
1048,17,0,0,2,6.045534,15,0,2,0,0,0,0,0
1049,16,0,1,2,17.9017,17,0,3,0,0,1,0,0
1050,16,1,1,1,19.44107,16,0,4,1,0,0,0,0
1051,17,1,2,2,17.1865,5,0,3,0,0,0,0,0
1052,16,1,2,0,2.200354,12,1,1,1,0,1,0,0
1053,17,1,0,1,18.94856,22,0,4,0,0,1,0,0
1054,18,0,0,2,8.467161,13,0,1,0,1,0,0,0
1055,17,0,0,0,0.186206,29,1,2,1,1,0,0,0
1056,18,0,0,1,8.847875,25,0,2,0,1,0,0,0
1057,18,1,0,4,0.921383,20,0,2,0,1,1,0,0
1058,15,0,0,4,10.87756,29,0,3,1,0,0,0,0
1059,17,0,0,1,6.771081,9,1,3,0,1,0,0,0
1060,15,1,3,0,9.468699,23,0,3,0,1,0,0,0
1061,17,1,1,1,12.26341,10,0,0,1,0,1,0,0
1062,17,0,0,1,17.37602,12,0,2,0,0,1,0,0
1063,15,0,1,3,13.23803,11,0,3,0,1,0,0,0
1064,15,0,0,1,8.680977,8,0,2,0,1,0,0,0
1065,17,0,0,2,16.38856,3,1,4,0,0,0,0,1
1066,16,0,1,1,18.11164,6,1,3,1,0,0,0,1
1067,18,0,0,4,2.395199,23,0,3,0,1,0,0,0
1068,15,1,0,1,10.63866,28,0,0,0,1,0,0,0
1069,18,1,3,2,5.690239,21,1,3,0,0,1,0,0
1070,16,1,2,1,0.941224,1,0,4,0,0,1,0,1
1071,16,0,1,2,13.37093,6,0,2,1,0,0,0,0
1072,16,1,1,1,17.25542,28,0,3,0,0,1,1,0
1073,15,0,1,1,3.258053,8,0,2,1,1,0,0,0
1074,16,0,0,3,16.24827,4,1,2,0,0,0,0,1
1075,15,1,0,3,17.06791,14,0,3,1,0,1,0,0
1076,16,0,0,3,18.28681,17,0,3,0,1,0,0,0
1077,18,0,0,2,5.305702,3,0,3,0,0,0,0,0
1078,18,1,1,3,18.07906,18,1,1,1,1,0,0,0
1079,17,1,0,0,6.413255,19,0,1,0,0,0,0,0
1080,18,1,3,1,11.04676,25,0,3,0,1,0,0,0
1081,17,0,3,1,1.010149,6,0,1,0,1,0,0,0
1082,18,1,2,2,0.877622,25,0,2,0,0,0,0,0
1083,15,1,1,1,14.40746,7,0,0,1,1,0,0,0
1084,18,0,2,1,8.8896,16,0,1,0,1,0,0,0
1085,17,1,0,2,5.125848,12,0,3,1,1,0,0,0
1086,17,1,2,3,3.80827,23,0,3,0,0,0,0,0
1087,16,1,0,1,13.39907,20,1,1,1,0,1,1,0
1088,15,0,2,1,0.008031,27,0,1,0,0,1,0,0
1089,18,0,0,1,16.11782,22,0,0,1,0,1,0,0
1090,16,0,2,1,1.584992,10,0,2,0,0,1,1,0
1091,18,0,3,1,3.829792,26,0,1,0,0,0,1,0
1092,18,1,0,2,7.724728,0,0,2,1,1,0,0,1
1093,16,0,0,2,9.697175,1,1,3,0,0,0,0,1
1094,16,0,3,2,7.099902,16,1,3,0,1,0,0,0
1095,16,1,0,1,6.414243,4,0,1,1,1,0,0,0
1096,16,1,2,3,19.27832,29,0,3,0,0,0,1,0
1097,16,1,1,1,12.83159,29,0,4,0,0,1,0,0
1098,18,0,0,2,0.468659,5,0,2,0,1,0,0,0
1099,16,0,0,3,8.603518,25,0,2,1,0,1,1,0
1100,15,0,0,1,17.50017,24,0,2,0,0,0,0,0
1101,17,1,2,1,6.029124,23,1,1,1,1,0,1,0
1102,16,1,0,3,1.891127,6,0,3,1,0,1,1,0
1103,16,0,1,1,15.1677,27,0,3,1,1,0,0,0
1104,18,1,0,2,12.12028,20,1,2,0,1,0,0,0
1105,16,1,1,0,11.40625,29,0,3,1,0,0,0,0
1106,16,1,2,2,1.071531,14,0,3,0,1,1,1,0
1107,16,0,3,1,2.80998,18,0,0,1,0,0,1,0
1108,18,1,0,0,12.45099,15,0,1,0,1,0,0,0
1109,16,1,2,2,4.156477,24,1,3,1,1,0,0,0
1110,17,0,2,1,10.0814,12,1,4,0,0,0,0,0
1111,18,0,1,1,10.89763,4,1,3,0,0,0,0,1
1112,17,1,3,0,5.670144,2,1,4,0,0,1,0,1
1113,18,1,0,1,18.9685,2,0,2,0,0,0,0,1
1114,16,0,0,1,16.84928,18,1,1,0,1,1,0,0
1115,17,0,2,0,14.44747,13,1,2,0,0,0,0,0
1116,18,1,0,3,1.559877,15,0,0,0,0,0,1,0
1117,15,1,2,0,2.1226,21,0,3,1,0,1,0,0
1118,16,1,2,2,9.855627,16,0,4,0,0,0,0,0
1119,18,1,0,1,3.214267,26,0,3,0,1,0,0,0
1120,15,0,2,1,19.56531,3,0,2,1,0,1,1,1
1121,18,1,0,3,3.170405,12,1,1,1,1,0,0,0
1122,15,1,1,1,9.749357,7,1,1,0,1,1,0,0
1123,16,0,1,4,7.282421,18,0,2,0,0,0,0,0
1124,17,1,3,1,12.78773,4,0,3,0,0,0,0,1
1125,15,0,0,2,2.580728,1,1,2,1,0,1,0,1
1126,18,1,0,2,8.606329,14,0,4,1,0,0,0,0
1127,16,1,1,3,5.494101,1,0,3,1,0,0,0,1
1128,15,0,2,2,17.75503,10,1,1,0,1,0,0,0
1129,18,0,1,2,0.811714,12,1,1,1,1,0,0,0
1130,18,1,0,1,18.27455,22,1,3,0,0,0,0,0
1131,18,1,0,1,16.65988,9,0,1,0,0,0,0,0
1132,15,1,0,3,5.951414,2,0,3,0,0,0,0,1
1133,15,0,2,1,15.78581,4,1,2,0,1,0,0,1
1134,15,1,0,1,0.624271,2,0,1,1,0,0,0,0
1135,17,0,0,2,19.33731,5,1,2,1,0,0,0,1
1136,15,0,3,1,10.5319,12,0,2,1,0,0,0,0
1137,15,1,0,4,6.065621,9,0,3,0,1,0,0,0
1138,15,0,3,2,7.251664,18,0,0,1,0,1,1,0
1139,17,1,1,2,1.328107,7,0,3,1,0,0,0,0
1140,15,1,2,3,19.78699,17,1,3,0,0,0,0,0
1141,18,1,0,0,0.785839,2,0,3,1,0,0,0,1
1142,15,1,0,1,13.09814,23,1,0,1,1,0,0,0
1143,18,1,2,2,8.854719,23,1,3,0,0,0,0,0
1144,18,0,2,1,18.97832,16,0,2,1,0,1,0,0
1145,18,0,2,2,4.919995,7,1,2,1,1,0,0,0
1146,17,1,0,3,10.64174,9,0,3,1,0,0,0,0
1147,17,1,2,2,9.647124,1,1,2,1,0,0,1,1
1148,17,0,2,1,14.05733,11,0,3,0,1,0,0,0
1149,15,0,1,4,1.360205,22,0,1,1,1,0,1,0
1150,18,0,2,2,3.875783,5,0,3,1,0,0,0,0
1151,17,0,2,2,4.291296,1,0,1,0,1,1,0,0
1152,17,1,1,1,14.76302,20,1,3,0,1,0,0,0
1153,15,1,0,3,3.782774,22,0,4,1,0,0,1,0
1154,17,0,0,2,11.46984,23,0,2,0,0,0,0,0
1155,15,1,0,2,4.304876,2,0,2,1,0,0,0,1
1156,16,0,0,3,17.2325,16,1,3,1,1,0,0,0
1157,17,1,0,1,18.84371,28,0,0,0,1,1,1,0
1158,16,0,0,2,10.36986,6,0,2,0,0,0,0,0
1159,15,1,0,3,7.046178,28,0,2,0,0,0,0,0
1160,18,0,0,1,4.681156,20,0,3,0,0,0,1,0
1161,17,0,2,2,0.99562,4,1,3,1,0,0,1,1
1162,15,1,3,3,5.370002,22,1,3,0,0,0,0,0
1163,18,0,0,2,13.08472,0,1,3,0,0,1,1,1
1164,18,1,3,2,10.67234,7,0,3,1,0,0,0,0
1165,16,1,1,3,18.88083,11,1,2,1,0,0,0,0
1166,15,0,0,3,7.925545,13,0,2,0,1,0,0,0
1167,18,1,0,1,13.87727,15,1,2,1,1,0,0,0
1168,17,1,1,0,9.786455,9,0,4,0,1,0,0,0
1169,17,1,2,2,10.25152,14,0,3,1,0,0,0,0
1170,16,1,2,2,5.355486,20,0,2,0,1,0,0,0
1171,18,1,0,2,9.099016,23,0,3,0,1,0,0,0
1172,15,0,0,2,9.4157,25,0,2,1,0,0,1,0
1173,17,1,0,1,14.13285,14,1,3,0,0,0,0,0
1174,18,1,0,2,18.8128,9,0,2,0,1,0,0,0
1175,18,1,0,1,6.586426,20,1,1,1,0,0,0,0
1176,16,1,0,2,0.844009,27,0,3,1,0,0,0,0
1177,17,1,2,2,9.925903,6,0,3,0,0,0,0,0
1178,17,0,3,1,10.88923,25,1,2,1,0,1,0,0
1179,15,1,0,1,3.368811,2,0,2,1,0,0,0,0
1180,17,0,3,2,15.20929,1,0,3,1,0,0,1,1
1181,15,0,0,2,19.69858,5,1,3,0,0,0,0,1
1182,17,0,0,1,18.91549,20,0,3,1,0,0,0,0
1183,16,0,0,4,3.942121,8,0,2,1,1,0,0,0
1184,17,1,1,2,17.50726,9,1,4,1,1,0,0,1
1185,15,0,3,4,14.08987,3,0,3,0,0,0,0,0
1186,15,0,1,2,9.076931,26,1,3,1,0,0,0,0
1187,16,1,0,2,10.81222,2,0,3,0,0,0,0,0
1188,17,1,1,3,16.992,8,0,1,1,0,0,0,0
1189,17,1,0,2,9.602699,23,0,0,1,1,0,0,0
1190,16,0,2,2,7.464147,21,1,3,0,0,0,0,0
1191,17,1,1,1,9.86495,16,0,2,0,0,0,1,0
1192,17,1,0,2,11.5826,13,1,3,0,0,0,0,0
1193,15,0,1,1,3.781553,9,0,2,1,0,0,0,0
1194,17,1,1,1,18.01815,12,0,2,0,0,0,0,0
1195,17,1,0,0,13.48374,11,1,1,1,0,1,0,0
1196,16,1,1,0,12.66538,26,0,3,1,1,0,0,0
1197,16,1,0,4,1.989925,0,0,1,1,0,0,1,1
1198,18,0,2,1,12.08348,27,0,3,1,0,1,0,0
1199,15,1,2,2,2.419213,21,0,2,0,0,0,0,0
1200,17,1,2,3,1.573954,28,0,3,1,0,0,0,0
1201,17,0,1,2,10.54622,18,0,1,0,0,1,0,0
1202,18,1,1,1,8.055711,18,0,1,0,0,0,0,0
1203,17,0,0,2,11.77621,5,0,3,0,1,0,1,0
1204,15,1,2,2,1.784443,12,0,2,1,0,0,0,0
1205,18,0,0,2,8.619661,18,0,1,1,0,0,0,0
1206,15,0,0,2,3.495734,12,1,4,0,0,0,0,0
1207,18,0,0,4,19.742,26,1,1,1,0,0,0,0
1208,18,0,0,2,11.223,25,0,2,1,0,0,0,0
1209,16,1,1,1,13.74874,21,0,1,0,0,0,0,0
1210,15,0,0,2,6.508366,20,1,2,1,0,1,1,0
1211,17,1,2,0,1.894778,3,0,2,0,0,1,0,0
1212,17,0,0,3,19.51742,23,0,1,0,0,1,1,0
1213,15,0,0,1,5.725181,1,0,3,1,0,0,0,1
1214,17,0,1,1,8.476164,14,1,2,0,0,0,0,0
1215,17,1,0,3,12.99728,11,0,3,0,0,0,0,0
1216,15,0,0,2,0.493946,29,1,1,1,0,0,0,0
1217,18,1,2,1,16.20518,26,1,2,1,0,0,0,0
1218,15,1,0,2,10.73156,6,0,0,1,0,1,0,0
1219,18,1,2,3,5.564344,19,1,3,0,0,0,0,0
1220,17,1,0,1,1.23216,17,0,3,0,0,0,0,0
1221,17,1,0,3,3.249968,22,0,3,1,1,0,1,0
1222,17,1,2,0,17.90068,12,0,2,0,1,0,1,0
1223,16,1,0,2,13.72048,16,0,3,0,0,1,0,0
1224,18,1,0,3,4.998034,3,0,3,0,0,0,0,0
1225,16,1,0,1,1.312015,24,0,0,1,0,0,0,0
1226,16,0,0,2,13.81231,13,0,1,0,0,1,0,0
1227,15,0,2,1,11.44815,19,0,2,0,0,0,0,0
1228,16,0,0,2,8.09039,27,0,3,0,1,0,0,0
1229,15,0,2,2,7.272229,12,1,0,0,0,0,0,0
1230,15,0,2,2,4.336286,2,0,3,0,1,0,0,1
1231,16,1,0,1,13.39223,25,0,2,0,0,0,0,0
1232,18,1,3,1,19.41336,25,0,2,0,0,0,0,0
1233,18,1,0,0,3.514305,17,0,1,0,1,0,1,0
1234,18,1,3,1,11.94233,13,0,2,0,1,0,1,0
1235,18,1,0,2,8.483701,14,0,0,0,1,0,0,0
1236,18,1,1,3,8.933774,2,0,0,0,1,0,0,0
1237,16,1,0,2,5.082946,0,0,3,0,0,1,0,0
1238,16,0,0,2,16.5027,25,1,2,0,0,1,0,0
1239,17,0,1,4,9.705112,23,1,2,0,0,0,0,0
1240,18,0,2,2,10.86812,16,0,1,1,0,1,0,0
1241,16,0,0,3,6.095218,2,1,2,0,1,0,0,1
1242,17,1,0,2,3.636169,13,0,0,1,1,0,0,0
1243,18,1,2,1,1.718208,2,0,2,0,1,0,0,0
1244,15,1,1,0,14.28238,12,1,2,0,0,0,0,0
1245,17,0,3,2,3.924686,14,0,2,1,0,0,0,0
1246,16,1,2,1,13.80151,17,0,4,0,1,0,0,0
1247,15,1,3,1,7.807529,13,0,2,0,0,0,0,0
1248,15,1,2,2,8.315496,20,0,2,1,0,0,0,0
1249,15,0,0,2,9.38355,25,0,2,0,1,0,0,0
1250,17,1,0,2,7.35417,2,0,1,0,0,1,0,0
1251,16,0,2,1,2.0124,18,0,3,0,1,0,0,0
1252,15,0,1,1,6.192636,7,0,2,1,0,0,0,0
1253,18,0,0,2,13.27469,3,1,1,1,0,0,0,0
1254,15,0,0,4,13.31569,3,0,3,0,0,0,1,1
1255,15,1,3,2,5.724486,18,1,0,0,0,0,0,0
1256,17,0,1,3,9.202053,10,0,4,1,0,0,1,0
1257,17,0,0,2,3.868945,0,1,3,0,0,0,0,1
1258,16,1,0,2,4.207442,7,1,2,0,1,1,0,0
1259,18,1,0,1,0.460942,14,0,1,1,1,0,0,0
1260,17,0,0,2,17.93493,0,0,1,0,0,0,0,1
1261,15,1,0,2,4.214133,6,0,1,1,0,0,0,0
1262,16,0,0,2,4.550678,20,1,1,1,0,0,0,0
1263,15,0,2,2,5.592029,19,0,2,1,1,0,1,0
1264,15,0,0,2,2.548161,19,0,4,0,0,1,1,0
1265,17,0,2,1,12.78526,23,0,2,0,0,0,0,0
1266,16,1,2,2,1.502859,10,1,3,0,0,0,0,0
1267,18,0,0,1,2.684049,26,0,3,0,0,0,0,0
1268,18,1,1,3,12.89513,28,0,3,0,0,0,0,0
1269,17,1,0,1,6.793212,13,0,0,0,1,1,1,0
1270,17,1,2,0,14.15896,21,1,2,0,1,0,0,0
1271,16,1,0,2,11.14849,15,0,3,0,0,0,0,0
1272,18,0,1,2,5.120423,13,0,3,0,0,0,1,0
1273,18,1,1,2,13.01656,11,0,4,0,0,0,0,0
1274,18,0,0,1,2.325474,16,0,3,0,0,0,1,0
1275,15,1,0,2,10.72821,13,1,1,0,0,0,0,0
1276,18,1,1,1,8.742962,9,0,2,1,0,0,1,0
1277,15,0,2,3,5.357472,23,0,0,1,1,0,0,0
1278,16,0,0,3,12.0801,28,1,3,0,0,0,0,0
1279,15,0,1,2,17.42667,13,1,2,0,0,0,0,0
1280,16,1,0,1,19.97809,17,0,3,0,0,0,0,0
1281,18,1,2,2,12.15526,21,0,4,0,0,0,1,0
1282,18,0,0,0,8.094117,8,1,3,0,0,1,0,0
1283,16,0,2,2,4.504142,16,0,2,1,0,0,1,0
1284,17,0,0,1,5.141922,5,1,1,0,0,0,0,0
1285,16,0,0,3,9.5891,7,1,3,1,1,1,0,1
1286,17,1,0,0,7.345554,25,0,1,0,0,0,0,0
1287,15,0,0,2,18.27629,12,1,1,0,0,0,0,0
1288,15,0,1,2,7.365909,17,0,1,0,0,0,0,0
1289,15,0,0,2,7.468892,4,0,2,1,0,0,0,0
1290,18,0,2,0,7.67069,5,0,1,0,0,0,0,0
1291,15,1,0,4,16.7324,20,1,4,0,1,1,0,0
1292,17,0,0,2,13.01577,18,0,4,1,0,0,0,0
1293,15,1,0,2,12.28338,3,0,4,0,0,1,0,1
1294,16,0,0,1,6.68286,6,1,0,0,0,0,1,0
1295,16,0,0,2,16.35808,3,0,4,0,0,0,0,1
1296,18,1,0,2,0.767277,24,0,4,0,0,1,0,0
1297,16,0,0,0,17.41594,10,1,4,0,1,0,0,1
1298,17,1,0,1,10.255,11,1,3,0,0,0,0,0
1299,15,1,1,3,7.965005,13,1,3,0,1,0,0,0
1300,18,0,1,1,9.943346,12,1,1,0,0,0,0,0
1301,15,1,0,1,13.34831,28,0,3,1,0,0,0,0
1302,15,1,0,2,0.255309,9,0,0,1,0,0,0,0
1303,17,1,3,2,17.43104,17,0,2,0,0,0,0,0
1304,16,1,1,0,8.934791,15,0,4,0,0,0,0,0
1305,16,1,1,2,6.85933,4,0,2,0,1,1,0,1
1306,15,1,0,1,2.764911,7,1,1,0,0,0,0,0
1307,18,1,2,0,8.789307,13,0,4,0,0,0,0,0
1308,16,1,2,0,9.926455,4,0,4,0,1,0,1,1
1309,18,0,1,3,8.072934,25,0,1,1,0,0,0,0
1310,16,0,3,1,13.5732,27,0,3,0,1,0,0,0
1311,18,1,0,0,8.417931,23,0,2,1,0,0,0,0
1312,17,0,0,2,19.22835,7,0,2,0,0,1,1,1
1313,18,1,2,3,11.98555,24,0,1,0,0,0,0,0
1314,17,1,2,1,16.14956,25,0,0,0,0,0,0,0
1315,17,0,0,2,2.187118,5,1,1,0,1,0,0,0
1316,18,1,0,0,7.945826,15,1,0,0,1,0,0,0
1317,17,1,0,2,6.736954,27,0,4,0,0,0,0,0
1318,15,1,0,2,11.38965,3,1,3,1,0,0,0,1
1319,17,1,2,2,17.22227,11,0,3,0,0,1,0,0
1320,16,0,1,1,1.566764,10,0,3,0,0,0,0,0
1321,18,1,0,1,1.451496,2,0,1,1,0,0,0,0
1322,15,1,0,1,17.00635,11,0,4,1,0,0,0,0
1323,18,1,0,1,4.257002,29,1,3,1,1,0,0,0
1324,16,0,0,0,13.37507,4,0,2,0,0,0,0,0
1325,16,1,1,2,10.85756,5,1,1,0,1,0,0,0
1326,16,0,3,4,16.65787,18,0,3,0,0,0,0,0
1327,17,0,2,4,2.501778,17,0,3,0,1,0,0,0
1328,17,1,0,3,2.595659,15,1,3,0,0,0,0,0
1329,18,1,2,2,11.13637,22,0,0,0,0,0,0,0
1330,18,0,2,2,18.92757,10,0,1,1,1,0,0,0
1331,15,1,2,1,8.299955,4,0,2,1,1,1,0,1
1332,15,0,0,2,6.538842,8,0,3,0,1,0,0,0
1333,18,0,0,2,12.13379,2,0,0,0,0,0,0,0
1334,17,1,0,2,18.60897,29,0,2,0,1,0,1,0
1335,16,1,0,2,16.73856,7,0,2,0,0,0,0,0
1336,18,0,0,1,19.90967,5,0,3,0,0,0,0,1
1337,15,0,0,1,0.451372,3,0,2,1,0,0,0,0
1338,17,0,0,3,2.257163,11,0,2,0,1,0,0,0
1339,18,0,2,0,12.18936,11,0,3,0,0,0,0,0
1340,18,1,0,2,16.41153,24,0,4,0,0,0,1,0
1341,17,1,0,3,5.704887,20,0,1,1,0,0,0,0
1342,18,1,3,2,4.784222,15,0,1,1,0,1,0,0
1343,17,1,3,2,15.73952,9,0,4,1,0,1,0,0
1344,16,1,2,1,1.127637,21,0,2,0,0,0,0,0
1345,17,0,3,1,7.387653,13,0,3,0,0,0,1,0
1346,17,1,1,3,10.11618,12,0,3,0,0,0,0,0
1347,17,1,3,2,11.20697,8,0,1,0,1,1,0,0
1348,18,1,0,2,14.5723,6,0,3,1,0,1,0,1
1349,18,1,0,0,7.096914,11,0,3,0,0,0,0,0
1350,17,1,0,0,12.25369,4,0,2,0,0,0,0,0
1351,18,0,0,4,11.70751,17,0,0,0,0,1,0,0
1352,15,0,0,1,10.95232,3,0,4,0,0,0,0,0
1353,15,0,1,2,12.80967,1,0,2,0,1,0,0,0
1354,18,1,2,0,5.188983,2,1,3,0,0,0,0,1
1355,18,0,1,2,1.692975,25,0,3,0,0,0,0,0
1356,17,0,0,3,2.385433,11,1,2,0,0,0,0,0
1357,16,1,2,2,4.491648,2,1,3,1,1,0,0,1
1358,18,1,1,1,10.00396,3,0,4,0,1,0,0,1
1359,15,1,0,2,16.80886,5,0,2,0,0,1,0,1
1360,17,0,1,2,14.02587,11,0,2,0,0,0,0,0
1361,18,0,0,2,15.78081,18,0,4,1,0,0,0,0
1362,15,1,0,3,7.019512,9,0,1,1,0,0,1,0
1363,15,1,3,2,8.093075,29,1,0,0,0,0,0,0
1364,16,0,0,3,7.873638,0,1,4,0,0,1,0,1
1365,17,0,0,2,3.837464,16,0,3,1,0,1,0,0
1366,17,1,2,1,1.224333,15,0,4,1,1,0,1,0
1367,16,1,2,1,11.81832,8,0,0,0,0,0,0,0
1368,16,0,0,1,19.78433,24,1,1,0,1,0,0,0
1369,17,1,0,3,3.336594,20,1,1,0,0,0,0,0
1370,17,0,0,2,0.933696,8,1,3,1,0,0,1,0
1371,18,0,1,2,15.59063,26,0,3,0,0,0,0,0
1372,18,0,0,1,5.05172,22,0,2,0,0,1,0,0
1373,16,0,0,1,16.59288,8,0,0,0,0,0,0,0
1374,18,1,3,2,14.07873,11,0,3,0,0,0,1,0
1375,15,1,1,2,18.91347,22,1,2,1,0,0,0,0
1376,18,0,0,1,8.178545,8,1,1,1,0,0,0,0
1377,18,0,1,2,13.2394,14,0,4,0,1,0,0,0
1378,15,0,1,0,9.297096,1,0,1,1,0,0,0,0
1379,16,0,0,1,12.61177,10,0,3,0,0,1,0,0
1380,15,0,0,2,8.991978,10,1,3,1,0,0,0,0
1381,18,1,2,1,3.772645,7,0,2,1,1,0,1,0
1382,16,1,0,4,10.15795,22,0,1,1,0,0,0,0
1383,18,1,1,1,10.57168,5,0,2,1,0,0,1,0
1384,15,1,0,1,16.21208,20,0,3,0,0,0,0,0
1385,15,0,0,1,14.71041,19,1,1,1,0,0,0,0
1386,18,0,0,2,13.27583,6,0,3,0,0,0,0,0
1387,17,0,0,2,2.267742,2,0,4,0,0,0,0,0
1388,17,0,0,2,14.41233,7,0,4,0,0,1,0,0
1389,15,0,0,0,10.0061,17,0,2,0,0,0,0,0
1390,15,1,2,0,17.88199,16,0,3,1,0,0,1,0
1391,17,0,3,2,18.39742,10,0,4,0,0,0,0,0
1392,17,1,2,3,1.103132,1,0,2,1,0,0,0,0
1393,18,1,2,3,16.41283,24,1,1,1,0,0,0,0
1394,18,1,0,0,0.753948,20,0,1,1,1,0,0,0
1395,17,1,3,2,7.343393,26,0,1,0,0,0,0,0
1396,18,0,0,3,10.846,23,0,3,0,0,1,0,0
1397,18,1,3,1,2.962016,18,0,2,0,0,0,0,0
1398,16,1,3,3,14.92628,6,0,3,0,0,0,0,0
1399,18,1,2,1,0.167094,17,1,3,1,0,0,1,0
1400,15,0,3,3,3.371981,7,0,3,1,1,0,0,1
1401,18,0,1,2,11.61594,13,0,3,0,0,0,1,0
1402,18,0,0,3,14.28775,6,0,0,1,0,1,0,1
1403,17,1,0,2,18.33286,27,0,3,0,1,0,0,0
1404,15,1,1,1,14.10993,20,0,2,0,0,0,0,0
1405,18,0,0,3,13.43559,27,0,2,0,1,0,0,0
1406,18,1,1,1,7.886823,26,0,0,0,0,0,0,0
1407,16,0,3,1,0.025689,3,0,4,1,0,0,0,0
1408,18,0,0,2,2.403185,16,0,4,1,0,0,0,0
1409,18,1,2,2,10.69109,4,0,2,1,0,0,0,1
1410,16,1,3,3,13.5026,11,0,2,0,1,0,0,0
1411,17,1,3,1,8.348966,8,0,3,0,1,0,0,0
1412,18,1,3,2,14.61358,25,0,1,0,0,0,0,0
1413,16,0,1,2,10.43725,19,1,1,1,1,1,0,0
1414,15,0,3,0,1.483524,12,0,3,0,0,0,0,0
1415,17,0,2,1,3.840325,24,0,1,0,1,0,0,0
1416,15,0,0,1,16.79996,27,0,2,1,1,0,0,0
1417,15,0,0,1,14.49825,17,1,2,1,0,0,0,0
1418,16,1,2,4,17.89524,19,1,2,1,0,0,0,0
1419,18,0,0,2,2.351145,8,0,1,1,1,0,0,0
1420,16,0,1,2,19.80445,3,0,2,0,0,0,0,1
1421,16,0,1,4,4.188134,20,1,2,0,1,0,0,0
1422,16,1,0,1,0.235598,26,0,2,0,0,1,0,0
1423,16,1,1,3,19.94846,7,0,3,0,0,0,0,1
1424,17,1,2,2,5.621478,0,1,4,0,0,1,0,1
1425,18,1,0,3,13.36039,16,0,1,0,0,0,0,0
1426,15,0,0,1,3.533646,24,0,3,1,0,0,1,0
1427,15,0,0,3,11.60457,8,1,1,0,0,1,0,0
1428,18,1,0,1,18.0807,19,0,2,0,0,0,1,0
1429,15,1,3,1,6.403623,12,0,2,1,1,0,0,0
1430,18,0,0,2,13.40508,1,0,2,0,0,0,0,1
1431,15,0,1,1,3.758072,12,0,3,1,1,0,0,0
1432,16,1,0,2,12.49591,8,0,2,1,0,0,0,0
1433,15,1,0,2,6.729007,29,0,2,1,0,0,0,0
1434,18,1,2,2,4.224165,19,0,3,0,1,1,0,0
1435,18,1,2,1,6.263641,5,1,1,1,0,0,0,0
1436,18,0,0,0,3.576821,27,0,1,0,1,0,0,0
1437,18,0,0,1,18.03832,0,1,0,1,0,0,0,1
1438,18,0,0,2,7.943738,27,1,1,0,0,0,0,0
1439,17,1,0,1,4.905586,24,0,2,0,1,0,0,0
1440,17,1,1,1,8.968157,4,0,2,1,0,1,0,0
1441,15,0,0,1,6.410723,2,1,1,0,0,0,1,1
1442,18,0,0,0,14.88839,3,0,0,1,0,0,1,0
1443,15,0,0,2,19.4244,0,0,3,0,1,1,1,1
1444,18,0,3,3,8.760673,13,0,3,1,1,1,0,0
1445,18,1,3,1,17.22067,8,1,4,1,0,0,0,1
1446,17,0,0,2,11.31726,29,0,4,0,1,0,0,0
1447,17,0,2,2,3.144713,23,0,4,0,1,0,1,0
1448,16,0,0,2,13.81245,3,0,3,1,1,1,1,1
1449,17,0,0,2,10.26869,17,1,3,1,0,0,0,0
1450,16,0,2,2,13.01213,13,0,1,0,0,0,0,0
1451,16,0,3,2,17.79375,24,0,3,1,1,0,1,0
1452,16,0,3,0,8.808691,3,0,0,0,0,0,0,0
1453,16,1,1,2,18.02355,24,0,3,0,1,1,0,0
1454,16,1,0,2,15.01338,9,0,2,0,0,0,1,0
1455,15,1,2,0,9.772099,2,0,3,1,0,1,0,1
1456,17,1,0,1,12.06444,22,0,0,1,1,0,1,0
1457,16,0,1,4,6.511623,6,1,2,0,1,1,0,1
1458,18,1,0,2,19.67195,9,0,2,0,0,0,0,0
1459,17,1,1,2,13.34702,12,0,1,1,0,0,0,0
1460,17,0,0,3,0.876937,3,1,2,0,1,1,0,1
1461,16,0,0,2,6.532438,17,0,0,1,1,0,0,0
1462,15,1,3,2,12.46629,10,0,2,0,0,0,1,0
1463,16,1,0,2,1.126666,24,1,2,0,0,0,1,0
1464,15,0,1,3,0.477684,3,0,3,0,1,0,0,0
1465,18,1,0,2,9.000485,23,0,2,1,0,1,0,0
1466,17,0,0,2,6.653804,13,0,2,1,1,0,0,0
1467,18,0,0,1,8.765972,17,0,4,0,0,0,0,0
1468,15,0,0,4,5.253866,7,0,2,0,0,0,0,0
1469,15,0,2,2,3.294355,26,1,2,0,0,0,0,0
1470,18,1,0,0,13.78287,9,0,2,1,0,0,0,0
1471,15,0,3,3,10.29142,4,0,3,1,1,0,1,1
1472,18,0,1,2,4.003084,22,0,2,1,1,0,0,0
1473,17,1,0,0,6.391789,6,1,2,1,0,1,0,1
1474,18,0,1,2,11.83616,11,1,3,1,1,0,0,0
1475,17,1,1,2,1.444587,24,0,0,0,0,0,0,0
1476,18,1,2,3,2.94906,2,1,3,0,1,0,1,1
1477,15,1,0,1,1.464912,25,1,2,1,0,0,0,0
1478,18,0,0,3,16.24635,3,0,2,0,0,0,1,0
1479,15,1,2,2,15.04818,9,0,3,0,0,0,0,0
1480,18,1,3,0,15.06626,3,0,1,0,0,0,0,0
1481,18,0,2,4,14.32651,14,1,3,0,1,1,0,0
1482,16,1,0,2,13.38771,28,1,4,0,0,0,1,0
1483,15,1,2,1,9.539838,9,0,2,0,0,0,0,0
1484,16,1,0,2,12.84556,20,0,4,0,0,1,0,0
1485,15,1,0,3,0.767231,29,0,0,0,0,0,0,0
1486,16,1,0,1,12.42929,21,1,3,0,0,1,0,0
1487,17,0,1,1,15.55755,15,1,2,1,0,0,0,0
1488,18,1,0,1,10.00717,14,0,2,0,0,0,1,0
1489,15,1,0,1,7.150267,18,0,1,1,1,0,1,0
1490,15,0,2,2,5.548535,28,0,2,1,0,0,0,0
1491,18,0,0,2,12.85604,19,1,1,1,0,0,0,0
1492,15,0,0,1,13.85602,18,0,4,1,1,0,0,0
1493,15,1,0,1,17.41935,17,0,3,0,1,0,0,0
1494,16,0,3,1,6.846682,25,1,1,0,1,0,0,0
1495,15,1,1,3,15.39545,11,0,1,1,0,0,0,0
1496,17,1,0,1,11.22712,24,1,3,0,0,1,0,0
1497,17,0,2,4,17.65673,15,0,2,0,1,1,0,0
1498,18,0,2,2,10.55624,0,0,1,0,0,0,0,0
1499,15,1,0,1,10.3526,15,1,2,1,0,1,0,0
1500,18,0,1,3,11.55754,1,0,2,0,0,0,0,1
1501,17,1,2,2,14.98631,23,0,1,0,0,0,0,0
1502,15,0,1,2,19.29381,14,0,3,1,1,0,0,0
1503,15,0,0,4,1.471267,6,0,3,1,0,0,0,0
1504,18,0,2,0,1.068692,27,0,0,0,1,1,0,0
1505,17,1,1,0,18.75101,0,1,4,1,0,0,0,1
1506,15,0,0,2,10.59751,4,1,2,0,1,0,0,1
1507,18,1,0,1,12.29806,9,1,1,1,0,0,0,0
1508,17,1,0,1,9.648472,21,0,1,0,0,0,0,0
1509,18,1,0,0,1.873149,20,1,1,0,0,0,0,0
1510,16,1,2,0,15.36179,3,1,2,1,1,0,0,1
1511,15,0,0,2,14.94449,13,0,1,0,1,0,0,0
1512,16,1,0,1,6.234066,12,0,2,0,0,0,1,0
1513,17,1,1,2,6.124785,0,0,1,1,0,0,1,1
1514,16,0,0,2,16.75683,15,1,3,0,1,0,1,0
1515,16,1,3,2,1.447145,22,0,3,1,1,0,0,0
1516,17,0,0,0,17.6221,8,1,2,0,0,0,0,0
1517,18,1,0,2,5.133234,21,0,3,0,1,1,0,0
1518,16,0,0,0,11.85969,15,1,4,1,0,0,0,0
1519,18,1,0,2,18.71988,18,0,3,0,0,0,0,0
1520,16,0,0,3,13.56245,14,0,2,0,0,0,0,0
1521,18,1,2,2,8.288596,25,0,2,0,1,0,0,0
1522,17,1,3,2,13.79068,13,0,3,1,0,0,0,0
1523,16,0,0,2,6.879593,19,1,1,0,0,0,0,0
1524,17,0,1,1,5.545168,9,1,2,0,1,0,0,0
1525,16,0,2,3,19.93367,20,0,2,0,0,0,0,0
1526,17,0,2,3,15.0158,11,0,3,0,1,0,1,0
1527,17,1,0,1,12.8944,27,0,3,0,1,0,0,0
1528,16,1,0,2,7.105793,0,0,2,1,1,1,0,1
1529,16,0,0,3,0.983217,20,0,1,1,0,1,0,0
1530,16,1,2,4,0.621138,16,1,4,0,0,0,0,0
1531,15,0,2,2,11.08363,8,1,0,0,1,0,0,0
1532,18,0,0,2,15.24065,22,0,0,1,0,1,0,0
1533,15,1,0,1,10.74758,18,0,2,0,0,1,0,0
1534,15,1,3,4,16.8157,24,0,3,0,1,1,1,0
1535,17,1,2,1,0.668531,17,0,3,1,0,0,0,0
1536,16,1,3,2,7.335042,27,0,4,1,1,0,0,0
1537,18,1,2,1,4.741408,6,0,1,0,0,1,0,0
1538,17,1,0,1,8.945459,8,0,2,0,0,1,0,0
1539,15,1,1,2,1.447528,21,0,1,0,0,0,0,0
1540,16,0,1,4,19.08263,25,0,3,0,0,1,0,0
1541,17,0,0,0,4.465108,20,0,2,1,0,0,0,0
1542,16,0,1,2,18.44616,11,0,0,0,1,0,0,0
1543,17,0,2,0,8.517863,6,1,3,1,0,0,0,1
1544,16,0,0,1,19.71048,13,1,2,0,0,0,0,0
1545,15,1,2,2,11.08117,14,1,2,0,1,0,0,0
1546,18,0,1,2,18.61666,14,0,3,0,0,1,0,0
1547,15,0,3,1,0.10698,5,0,1,1,0,0,0,0
1548,18,0,0,1,14.96478,20,0,1,1,1,1,0,0
1549,16,0,0,0,18.06101,13,0,1,0,0,1,0,0
1550,17,0,1,1,2.794411,1,1,2,0,1,0,0,1
1551,15,0,0,4,1.922517,7,0,1,1,1,0,0,0
1552,18,0,2,3,8.491452,12,0,3,0,1,0,0,0
1553,15,1,2,1,18.67358,22,0,1,0,1,0,0,0
1554,18,1,0,2,10.84773,5,0,4,0,0,0,0,0
1555,15,0,1,3,10.54913,4,1,1,0,1,0,0,1
1556,18,1,1,0,2.822522,4,0,1,1,1,0,1,0
1557,18,1,0,3,0.01579,24,0,1,0,0,0,0,0
1558,16,1,3,3,16.2028,0,0,3,1,0,0,0,1
1559,18,1,2,0,1.751491,8,1,2,1,1,0,0,0
1560,16,0,1,1,12.677,5,0,3,1,0,1,0,1
1561,18,1,2,4,18.29233,19,0,3,0,1,0,0,0
1562,17,1,0,2,4.173038,25,0,4,0,0,1,0,0
1563,17,1,3,0,13.30546,29,1,3,0,0,1,0,0
1564,17,0,1,1,1.573972,6,0,0,0,0,1,0,0
1565,18,0,2,2,12.0751,8,0,3,1,0,0,0,0
1566,16,0,2,2,3.278634,4,1,4,1,0,0,0,1
1567,16,0,0,2,14.71907,13,1,4,1,0,0,0,0
1568,18,0,2,4,6.024626,4,0,1,0,0,0,0,0
1569,17,0,0,1,9.26782,7,1,3,0,1,1,0,1
1570,17,0,0,2,11.98861,6,0,1,0,0,0,0,0
1571,16,1,0,2,3.425468,12,1,1,1,1,1,0,0
1572,17,1,3,2,14.83276,12,0,3,0,0,0,0,0
1573,15,1,2,1,6.052807,7,0,4,0,0,0,0,0
1574,16,0,2,4,13.24744,10,1,2,0,0,0,0,0
1575,17,0,2,3,3.165661,27,1,3,1,0,0,0,0
1576,16,0,1,2,13.76235,25,0,0,1,0,0,0,0
1577,15,0,3,2,2.563761,17,1,0,1,0,0,0,0
1578,16,0,0,1,8.50713,24,0,2,1,0,0,0,0
1579,16,1,0,2,4.944121,18,1,2,0,0,0,0,0
1580,16,1,0,2,14.9675,5,0,3,0,0,0,0,1
1581,16,0,2,2,5.2407,21,0,2,0,1,0,0,0
1582,15,0,2,4,17.63435,1,0,2,0,0,0,1,1
1583,18,0,0,2,17.8364,27,0,2,1,1,0,1,0
1584,16,0,0,1,3.928826,12,0,1,0,0,0,0,0
1585,16,1,2,2,12.27692,22,0,4,0,0,0,0,0
1586,17,0,0,1,1.754353,24,0,2,0,0,0,0,0
1587,16,0,2,1,7.830742,27,1,2,0,0,0,0,0
1588,17,0,3,1,14.26643,25,0,3,1,1,0,0,0
1589,18,0,0,2,13.18846,10,0,2,0,0,0,1,0
1590,15,1,0,2,12.49401,0,0,3,0,0,0,0,1
1591,15,0,2,2,5.650817,23,0,1,0,0,0,0,0
1592,18,0,2,2,7.560499,1,0,1,0,0,0,0,0
1593,15,1,1,2,2.058923,29,0,4,0,1,0,1,0
1594,18,1,3,1,14.38046,16,0,3,0,0,0,0,0
1595,18,1,0,3,10.07778,7,0,2,1,0,0,0,0
1596,18,0,1,1,14.17531,1,0,3,0,0,0,1,1
1597,15,0,2,1,4.97887,5,0,4,0,0,1,1,0
1598,17,1,2,2,6.488765,21,1,1,1,0,0,1,0
1599,18,1,0,1,6.684307,4,0,0,0,0,0,0,0
1600,16,1,2,0,0.514848,15,1,2,0,0,1,0,0
1601,15,1,1,2,6.820957,7,0,1,1,1,0,0,0
1602,18,1,0,2,16.06609,18,1,1,1,0,1,0,0
1603,18,1,0,2,17.94597,15,0,3,1,0,0,0,0
1604,16,0,2,4,10.36437,12,0,0,0,0,1,0,0
1605,17,0,0,2,9.110034,25,1,3,0,0,0,1,0
1606,17,0,0,3,0.616492,19,0,2,0,1,0,1,0
1607,17,1,0,1,17.58409,6,0,2,0,0,0,0,0
1608,18,1,2,2,0.260204,15,0,3,1,1,1,0,0
1609,18,1,1,3,18.895,22,1,2,0,0,0,0,0
1610,18,1,2,2,9.784325,15,0,1,0,0,0,1,0
1611,15,1,0,2,6.83869,28,0,1,1,0,0,0,0
1612,16,1,1,1,18.48437,11,1,3,1,0,0,0,0
1613,18,0,1,0,0.48782,13,0,1,1,0,0,0,0
1614,16,0,2,2,11.6285,23,1,0,1,0,0,1,0
1615,16,1,3,1,10.97865,17,0,4,0,0,0,0,0
1616,17,0,0,3,4.386408,26,1,4,1,1,0,0,0
1617,15,1,1,1,8.577749,27,0,2,0,1,1,1,0
1618,18,0,0,4,13.04528,17,0,0,0,0,0,0,0
1619,17,1,1,4,14.54262,15,0,3,1,0,1,0,0
1620,17,1,0,1,0.014337,19,0,3,1,0,0,0,0
1621,18,0,0,1,18.73707,15,0,1,1,1,0,0,0
1622,16,0,0,3,3.290507,12,0,1,1,0,1,0,0
1623,17,1,1,4,4.671609,25,0,3,1,0,1,0,0
1624,16,1,0,2,5.269469,28,0,4,0,0,0,0,0
1625,15,0,2,1,0.756403,8,0,3,1,0,0,1,0
1626,16,0,0,2,2.461042,25,0,1,1,1,1,0,0
1627,15,1,0,2,19.727,27,0,2,1,1,0,0,0
1628,16,0,2,1,6.304335,8,0,3,0,0,0,0,0
1629,17,1,0,2,2.306022,12,0,1,0,0,0,0,0
1630,17,1,0,0,2.139825,28,0,1,1,0,1,0,0
1631,15,1,1,0,14.3892,3,1,1,0,0,0,0,1
1632,18,1,0,1,17.09137,8,0,2,0,0,0,0,0
1633,15,0,0,1,5.139046,14,0,2,0,0,0,0,0
1634,15,0,0,1,0.41819,13,0,3,0,1,0,0,0
1635,16,0,3,2,4.4618,18,1,3,1,1,0,0,0
1636,16,0,1,1,1.130314,11,0,4,0,0,1,0,0
1637,15,0,1,1,2.067899,20,1,3,1,0,0,0,0
1638,17,0,1,1,8.630162,25,0,1,0,0,0,1,0
1639,16,0,0,4,4.598367,24,1,2,0,1,1,1,0
1640,18,1,0,2,10.31892,5,0,2,0,1,0,0,0
1641,16,0,2,2,5.069875,2,0,0,1,0,1,0,0
1642,16,0,0,2,18.81075,25,0,4,0,1,0,0,0
1643,18,1,0,4,18.11888,24,1,0,1,1,0,0,0
1644,15,0,0,1,11.33612,21,1,2,1,0,0,0,0
1645,18,0,0,2,7.08848,19,0,2,1,0,1,0,0
1646,15,1,3,2,7.622938,15,0,2,1,0,1,0,0
1647,15,0,0,2,8.237046,29,0,3,0,0,0,1,0
1648,15,0,1,0,14.55159,19,0,2,0,0,0,0,0
1649,18,0,0,2,9.03278,23,0,1,0,0,1,0,0
1650,15,1,3,0,17.1346,22,0,1,0,0,0,0,0
1651,17,0,0,2,18.8819,16,1,4,1,1,0,0,0
1652,18,0,0,2,6.718923,15,0,1,1,0,0,0,0
1653,17,1,2,1,11.21389,5,0,1,0,0,1,0,0
1654,15,0,2,3,1.901131,7,0,2,0,0,0,0,0
1655,16,1,0,0,4.009381,18,1,1,1,0,0,0,0
1656,15,1,0,3,8.269315,29,1,2,0,0,1,0,0
1657,17,0,0,2,4.124054,24,0,3,1,0,0,0,0
1658,17,1,0,1,17.53121,25,1,3,0,0,0,0,0
1659,18,1,0,1,3.165725,1,1,3,0,1,0,0,0
1660,16,0,0,4,9.113216,13,0,1,1,1,1,0,0
1661,18,1,0,0,12.11398,21,0,2,0,1,0,0,0
1662,17,1,0,1,13.83728,11,1,0,1,0,0,0,0
1663,15,0,1,1,7.661387,16,0,0,1,0,0,1,0
1664,16,0,3,2,17.38198,27,0,2,1,0,0,0,0
1665,15,0,1,2,11.36638,26,0,1,1,1,1,0,0
1666,15,1,0,1,8.790156,14,0,3,0,0,0,0,0
1667,16,0,0,1,1.344813,17,1,3,1,1,0,0,0
1668,18,1,3,1,9.293789,15,0,3,1,0,0,1,0
1669,15,1,0,1,16.41472,12,0,3,1,1,0,0,0
1670,17,1,0,2,12.29082,20,1,0,1,1,1,0,0
1671,15,1,1,2,16.64325,16,0,2,1,0,0,0,0
1672,16,1,1,1,9.880233,7,0,1,0,1,0,0,0
1673,16,1,1,1,2.369234,0,1,2,1,0,0,0,1
1674,16,1,0,1,0.272797,28,0,1,1,1,0,0,0
1675,18,0,0,4,6.064391,24,0,0,1,1,0,0,0
1676,15,0,3,4,13.95981,25,0,2,0,1,1,1,0
1677,18,1,0,3,15.8052,26,0,3,1,0,0,0,0
1678,18,1,1,1,5.915057,2,1,3,0,0,0,0,1
1679,16,0,2,0,9.913078,15,0,2,0,1,0,1,0
1680,16,1,1,1,8.422378,27,0,2,1,1,1,0,0
1681,18,0,0,1,8.210456,1,0,2,1,0,0,1,0
1682,15,0,0,2,4.626974,14,0,3,0,0,0,1,0
1683,17,0,1,2,2.727422,0,1,0,1,0,1,0,1
1684,18,1,2,3,3.933771,8,1,3,0,1,0,0,0
1685,15,1,3,3,1.106648,15,1,2,0,1,0,0,0
1686,16,0,0,1,3.962615,3,0,1,0,0,1,1,0
1687,16,0,0,2,0.184018,11,1,0,1,0,0,0,0
1688,15,0,3,1,12.54517,0,0,1,0,0,0,0,0
1689,17,0,2,0,6.327508,0,1,2,0,0,0,1,1
1690,16,0,2,2,19.46289,6,1,3,1,1,0,0,1
1691,16,1,0,0,3.874341,17,0,2,0,0,0,1,0
1692,16,0,1,2,6.916571,22,0,2,1,0,0,0,0
1693,15,1,2,1,7.156823,27,0,4,1,1,0,1,0
1694,18,0,1,2,0.16903,22,0,1,1,0,0,0,0
1695,16,1,0,2,16.78416,14,1,1,0,0,0,0,0
1696,18,1,0,1,0.639889,25,0,2,0,1,0,0,0
1697,17,1,1,3,18.8036,29,0,3,1,0,0,0,0
1698,16,1,0,1,17.84149,24,0,3,0,1,0,0,0
1699,16,1,0,2,10.71044,12,1,2,0,0,0,0,0
1700,17,1,3,2,10.87191,15,0,4,0,1,1,0,0
1701,16,0,0,2,13.07556,6,0,3,0,0,0,0,0
1702,18,1,2,4,7.741,15,0,0,1,0,0,0,0
1703,15,0,0,1,12.94445,12,0,3,1,0,1,1,0
1704,18,1,1,2,0.895368,13,0,0,0,1,0,0,0
1705,15,1,3,2,1.080953,16,1,3,0,1,0,0,0
1706,15,0,0,3,9.144608,11,0,1,1,0,0,0,0
1707,18,1,0,1,10.99245,28,0,3,0,0,0,0,0
1708,18,0,0,2,17.75635,23,0,2,1,0,0,0,0
1709,18,0,0,2,2.093213,23,0,3,0,0,0,0,0
1710,18,0,2,1,16.45296,19,0,2,1,1,0,0,0
1711,17,0,3,2,4.200947,12,0,3,1,0,0,0,0
1712,16,1,0,1,7.881673,23,0,1,0,1,1,0,0
1713,15,1,0,2,6.332049,19,0,4,0,1,0,0,0
1714,18,0,0,3,8.003105,14,0,3,0,0,0,0,0
1715,18,1,2,2,3.00991,23,1,1,1,1,0,0,0
1716,18,1,0,2,10.0714,20,0,4,0,0,0,0,0
1717,17,0,1,2,16.03285,3,1,2,1,0,0,1,1
1718,18,1,1,0,8.83068,21,1,3,0,1,0,1,0
1719,18,0,1,1,9.812272,1,0,3,1,0,0,0,1
1720,18,0,0,2,16.97535,27,1,0,1,0,0,1,0
1721,16,1,2,1,14.12116,17,0,4,0,1,0,0,0
1722,17,1,0,1,9.809088,1,0,2,0,0,0,0,1
1723,18,1,0,2,5.153913,24,0,1,0,0,0,0,0
1724,15,0,2,1,17.69853,14,0,3,1,1,0,1,0
1725,15,0,2,1,11.54041,29,0,3,0,0,0,0,0
1726,15,1,0,2,4.422952,25,0,0,0,1,0,0,0
1727,17,1,0,1,5.382395,18,0,1,1,0,0,0,0
1728,17,1,0,3,16.06266,14,0,3,0,0,0,0,0
1729,15,1,0,3,0.882911,25,0,0,1,1,1,0,0
1730,18,0,0,2,19.84184,19,0,4,0,0,0,0,0
1731,17,1,0,1,2.607034,9,0,3,0,1,0,0,0
1732,15,0,0,2,15.92137,27,0,2,0,1,0,0,0
1733,15,0,2,3,7.895506,23,0,2,1,1,0,1,0
1734,18,1,1,2,9.844324,19,0,2,0,0,1,1,0
1735,16,1,1,1,17.61301,10,1,2,1,0,0,0,0
1736,17,1,0,2,8.258224,25,1,3,0,1,1,1,0
1737,18,0,3,3,10.74988,9,0,4,0,0,0,1,0
1738,15,1,2,2,0.985993,28,1,2,1,0,1,0,0
1739,15,1,2,2,0.046949,22,0,2,0,0,0,1,0
1740,18,0,2,2,4.895997,4,0,1,0,0,0,0,0
1741,17,1,3,2,13.61166,8,1,3,0,0,0,0,0
1742,16,0,1,0,2.425298,19,0,3,1,1,0,0,0
1743,16,1,0,2,2.275239,18,1,3,1,0,0,0,0
1744,15,0,1,0,8.219212,12,0,0,0,0,0,0,0
1745,17,1,2,2,12.95674,17,0,3,0,1,0,0,0
1746,16,1,2,1,14.24144,16,0,2,1,0,0,0,0
1747,17,0,1,2,3.569013,26,0,3,1,1,0,1,0
1748,17,0,0,1,1.591763,5,0,3,0,0,0,0,0
1749,15,1,0,2,18.80794,9,0,3,1,1,0,1,0
1750,16,0,3,2,5.213328,1,1,2,0,0,0,0,0
1751,18,0,1,1,17.06693,23,0,3,0,1,0,0,0
1752,15,0,1,1,17.26983,5,0,0,0,0,0,0,0
1753,16,0,0,1,15.45045,27,0,3,0,0,1,0,0
1754,16,1,0,3,3.376672,27,1,0,0,0,0,0,0
1755,16,1,2,2,16.43603,20,0,2,1,1,0,0,0
1756,16,0,1,2,15.38501,12,0,1,0,0,0,0,0
1757,16,0,2,1,11.93446,17,1,3,0,1,0,0,0
1758,17,0,0,2,6.744041,6,0,2,0,0,0,1,0
1759,15,0,1,3,5.250172,1,0,3,1,0,0,0,1
1760,17,1,0,3,2.437784,28,1,3,1,0,0,0,0
1761,18,1,2,2,10.19514,13,1,3,0,1,0,0,0
1762,16,0,0,0,11.70522,4,0,1,0,1,0,0,0
1763,15,0,0,1,7.18678,17,0,3,0,1,0,0,0
1764,16,0,1,0,9.507181,10,1,2,0,1,0,0,0
1765,15,1,3,1,7.270289,9,0,0,0,0,0,0,0
1766,17,0,0,1,12.82012,10,1,1,0,1,0,0,0
1767,15,1,2,1,18.02518,26,0,1,1,0,1,0,0
1768,18,0,0,1,3.278405,1,0,0,0,1,0,0,0
1769,18,1,0,3,7.628176,14,0,2,0,0,0,0,0
1770,15,0,0,2,2.817372,6,1,0,0,1,0,0,0
1771,15,1,0,3,12.49888,8,1,2,1,0,0,0,0
1772,15,0,1,2,14.57741,4,0,1,0,0,0,0,0
1773,15,0,0,1,18.63825,6,1,1,0,0,1,0,0
1774,18,0,0,2,5.577439,19,0,4,1,0,0,0,0
1775,16,1,3,1,19.00422,1,0,2,0,0,1,0,1
1776,15,0,0,2,1.265253,2,1,1,0,1,0,0,1
1777,15,1,2,1,12.06028,1,1,2,0,1,1,1,1
1778,18,1,0,4,1.142654,20,1,1,1,0,0,0,0
1779,18,0,1,1,17.87548,21,1,0,0,0,0,0,0
1780,17,0,0,1,10.59618,22,0,0,1,0,0,0,0
1781,15,0,0,3,13.38697,18,0,4,0,1,1,0,0
1782,17,1,0,0,16.63148,3,1,3,0,0,0,0,1
1783,18,0,0,2,3.006212,23,0,3,1,0,1,0,0
1784,18,1,0,2,0.771831,19,0,4,0,0,0,1,0
1785,16,1,1,3,17.57762,6,0,4,0,0,0,0,0
1786,15,0,2,4,6.298665,27,0,3,0,0,1,0,0
1787,17,0,2,4,2.579578,21,1,3,1,0,1,1,0
1788,18,0,1,0,9.369225,6,0,2,0,0,0,1,0
1789,18,0,0,3,11.96612,16,1,1,0,0,0,0,0
1790,17,0,0,2,0.619412,18,0,2,0,0,1,0,0
1791,16,0,0,2,5.497913,21,0,2,0,0,0,0,0
1792,18,1,0,1,0.655997,15,0,4,0,0,0,0,0
1793,15,1,1,2,8.406708,2,0,2,0,0,1,0,1
1794,18,1,1,4,17.902,14,0,3,0,0,0,1,0
1795,15,0,0,3,19.65305,13,0,2,1,1,0,0,0
1796,17,1,0,2,12.74095,14,0,1,0,0,0,0,0
1797,15,1,2,0,3.232754,13,0,2,0,1,0,0,0
1798,17,1,2,1,18.11699,6,0,2,1,0,0,0,0
1799,15,1,0,3,10.32496,24,0,2,1,0,0,0,0
1800,17,1,3,2,3.074986,2,0,2,1,0,0,0,1
1801,15,0,3,2,18.43453,29,0,1,0,0,0,0,0
1802,16,0,0,0,15.14938,16,1,2,1,0,0,0,0
1803,15,1,0,2,14.63411,9,0,3,1,1,0,0,0
1804,15,1,1,2,14.18361,14,1,2,0,1,0,0,0
1805,16,1,3,3,4.006796,28,1,2,0,0,0,0,0
1806,18,0,2,2,4.220134,5,0,0,0,0,0,0,0
1807,18,0,0,1,13.76586,27,1,1,1,0,1,1,0
1808,15,1,0,2,4.394455,16,0,2,0,0,0,1,0
1809,16,0,1,0,8.773434,16,1,2,0,1,0,0,0
1810,15,0,1,4,15.64004,13,1,2,0,0,0,0,0
1811,17,1,0,1,15.67905,23,0,3,1,1,0,0,0
1812,17,0,2,2,9.065235,24,0,1,0,0,1,0,0
1813,15,0,1,1,15.8438,17,0,0,1,0,0,0,0
1814,18,1,2,2,16.77244,24,0,2,1,0,0,0,0
1815,18,0,2,2,13.09552,4,0,2,0,0,0,0,0
1816,15,0,2,2,4.568517,28,0,2,0,0,1,0,0
1817,15,1,0,1,5.480236,7,0,3,0,0,0,0,0
1818,17,0,1,1,6.296823,6,0,3,1,0,0,0,1
1819,18,0,0,1,2.336082,22,1,1,1,0,0,0,0
1820,15,1,1,2,5.463192,3,1,4,1,0,0,0,1
1821,17,1,0,0,4.190384,17,0,1,0,0,1,0,0
1822,18,1,1,2,9.106575,4,0,3,0,1,0,0,1
1823,16,0,0,3,18.16875,15,0,3,0,1,0,0,0
1824,17,1,0,3,2.089606,13,0,3,0,0,0,0,0
1825,18,0,0,2,14.40536,26,1,1,1,0,0,1,0
1826,18,1,0,2,13.74566,26,0,2,0,0,0,0,0
1827,17,0,2,0,1.915084,18,0,2,0,1,0,1,0
1828,16,1,2,2,18.45145,13,1,1,0,0,0,0,0
1829,17,1,1,3,11.36944,8,1,0,0,0,0,1,0
1830,18,1,0,1,7.27451,5,0,2,0,0,0,0,0
1831,15,1,0,2,15.13077,16,0,2,0,1,0,0,0
1832,15,0,0,3,5.147309,18,0,3,1,0,1,0,0
1833,17,1,0,3,13.8702,11,0,1,0,0,1,0,0
1834,18,1,2,1,0.794224,3,1,3,1,0,0,0,0
1835,15,0,0,2,16.78816,15,0,1,0,0,0,0,0
1836,18,1,0,1,8.963417,24,0,3,1,1,0,0,0
1837,17,0,0,1,12.73386,10,1,2,0,0,0,0,0
1838,15,1,0,3,4.424756,21,1,2,1,1,1,1,0
1839,18,1,1,3,13.54147,3,1,3,1,0,0,1,1
1840,15,1,1,2,15.44481,16,0,1,0,0,0,0,0
1841,17,0,0,0,9.464264,7,0,1,0,1,0,0,0
1842,18,1,0,3,12.35454,13,0,2,0,0,1,0,0
1843,15,1,0,2,9.126518,26,0,1,1,0,1,0,0
1844,17,1,0,1,17.88183,1,0,2,0,0,0,0,1
1845,15,0,0,2,9.957384,10,0,1,0,1,0,1,0
1846,15,0,3,0,16.83617,10,0,3,0,0,0,0,0
1847,16,1,1,2,16.02704,23,1,3,1,1,0,1,0
1848,16,0,1,2,8.210096,21,0,0,1,0,1,0,0
1849,17,1,0,1,4.60169,23,1,3,0,1,0,0,0
1850,16,1,0,1,8.121643,5,0,2,0,0,0,0,0
1851,17,1,1,1,16.52435,20,1,2,1,0,0,0,0
1852,16,1,1,0,4.552651,20,0,2,1,0,0,0,0
1853,15,1,2,2,10.48873,13,1,3,0,1,0,1,0
1854,17,1,0,3,16.12193,29,0,2,0,1,1,0,0
1855,17,1,1,0,7.06955,9,0,3,1,0,0,0,0
1856,15,0,0,0,12.84419,25,1,1,0,0,0,0,0
1857,17,0,2,2,4.912631,26,0,4,0,0,0,0,0
1858,17,0,1,3,2.185589,7,0,3,1,0,0,0,0
1859,16,0,1,1,15.88768,6,1,1,0,0,1,1,0
1860,17,0,0,1,1.979372,7,1,3,1,0,0,0,0
1861,18,0,1,2,5.427628,27,0,2,0,0,0,0,0
1862,15,0,0,1,17.10219,7,0,1,1,0,0,0,0
1863,16,1,0,0,6.929386,22,0,1,0,1,0,0,0
1864,16,1,0,2,19.46091,1,0,0,1,0,0,0,1
1865,18,1,1,2,19.59469,26,1,3,0,0,0,0,0
1866,15,1,0,2,5.36552,15,0,2,0,0,0,0,0
1867,15,0,0,2,0.819564,8,0,2,0,0,0,1,0
1868,16,0,2,2,14.10127,12,1,1,1,0,0,0,0
1869,17,1,0,1,9.01973,22,0,2,0,0,0,1,0
1870,16,1,1,1,2.015057,11,0,2,0,0,0,0,0
1871,15,0,0,1,14.15046,26,0,3,0,0,0,0,0
1872,18,1,0,1,0.623498,21,0,4,0,1,0,0,0
1873,16,1,2,2,17.40393,24,0,2,1,0,0,1,0
1874,15,1,0,3,2.773051,28,0,2,1,0,0,0,0
1875,16,1,0,4,2.546238,16,0,2,0,1,1,0,0
1876,17,0,1,2,3.513446,26,0,3,0,0,0,1,0
1877,16,1,1,1,19.20533,1,0,1,1,0,0,0,1
1878,16,1,1,1,13.86339,12,0,2,1,0,0,0,0
1879,15,0,0,3,16.02743,0,0,3,1,0,0,0,1
1880,15,0,0,2,7.9527,25,0,0,0,0,0,0,0
1881,15,1,2,2,6.726255,27,0,1,0,0,0,0,0
1882,16,0,1,2,4.68968,18,0,3,0,1,0,0,0
1883,17,1,2,2,9.612961,10,0,1,0,0,0,0,0
1884,18,1,2,3,11.03657,4,0,2,1,0,0,0,0
1885,18,0,2,0,12.6355,0,1,2,0,0,0,0,1
1886,15,1,0,2,5.14237,19,0,2,0,0,1,0,0
1887,15,1,0,3,18.97308,29,1,1,1,0,0,0,0
1888,16,1,2,1,3.39517,12,1,4,0,1,0,0,0
1889,18,1,0,2,19.31306,7,0,0,1,1,0,0,0
1890,15,0,0,1,0.297122,5,0,3,0,0,0,0,0
1891,17,0,2,4,9.622514,28,1,0,0,0,0,0,0
1892,17,1,2,0,6.667357,16,0,2,0,1,0,0,0
1893,15,0,0,2,8.982468,11,1,1,0,0,0,0,0
1894,15,1,0,1,11.41329,0,0,1,0,0,0,0,1
1895,18,1,0,2,8.711783,2,0,1,0,0,0,0,0
1896,18,1,2,1,8.296937,13,0,2,0,1,0,0,0
1897,16,1,3,1,14.65447,25,0,2,1,0,0,0,0
1898,18,1,0,2,13.71753,7,0,1,0,1,0,0,0
1899,17,0,0,3,16.66543,10,0,4,0,0,0,0,0
1900,17,1,2,1,4.99918,26,1,1,0,0,0,0,0
1901,15,0,0,1,12.19057,13,1,2,0,0,0,0,0
1902,18,0,1,2,11.7039,7,0,1,0,0,0,1,0
1903,16,1,3,2,7.394756,28,1,2,0,1,0,0,0
1904,17,1,0,3,9.721151,2,1,3,0,0,0,0,1
1905,17,1,1,1,6.275643,6,1,2,0,0,1,0,0
1906,16,1,0,2,2.836888,27,0,1,0,0,0,0,0
1907,16,1,0,1,4.276024,18,1,1,1,0,0,1,0
1908,17,0,2,1,2.110273,3,0,3,0,0,0,0,0
1909,17,1,0,2,13.66139,24,0,1,0,0,0,0,0
1910,16,1,3,2,13.21455,15,1,2,1,0,1,0,0
1911,17,0,1,2,19.01213,12,0,1,1,1,0,0,0
1912,15,0,0,1,14.59357,19,0,1,1,0,1,1,0
1913,15,1,0,2,1.040917,18,1,1,0,1,0,0,0
1914,16,0,0,2,17.6849,4,0,3,1,0,0,0,1
1915,18,1,0,4,17.2535,22,1,3,1,0,0,0,0
1916,16,0,0,1,8.866406,4,1,2,1,0,0,0,1
1917,16,0,0,1,11.71726,19,0,1,0,1,0,0,0
1918,18,1,0,1,19.52157,23,0,2,0,0,1,1,0
1919,18,0,2,2,10.64609,3,1,2,1,1,0,0,1
1920,18,0,1,1,18.10644,1,0,2,0,0,1,1,1
1921,15,0,2,3,1.660775,25,1,0,0,0,0,1,0
1922,17,0,0,1,3.821037,12,1,4,0,0,0,0,0
1923,15,0,0,3,8.815099,29,0,2,0,0,0,0,0
1924,17,0,1,1,11.69514,15,0,4,0,0,1,0,0
1925,15,1,0,2,16.32456,21,1,0,0,1,0,0,0
1926,17,1,0,3,19.76524,1,0,1,1,1,0,0,1
1927,15,0,2,1,7.77703,18,0,1,0,1,0,0,0
1928,18,1,2,4,0.948313,16,1,3,0,1,1,0,0
1929,16,1,1,2,16.02343,4,1,2,1,1,0,0,1
1930,15,1,0,3,12.08761,24,0,3,0,1,0,0,0
1931,17,0,2,2,3.970857,17,0,3,0,0,0,0,0
1932,18,1,1,1,9.896569,27,0,3,0,0,1,0,0
1933,15,0,2,1,14.8462,22,1,3,0,0,0,0,0
1934,15,1,2,1,15.40824,20,1,3,0,0,0,0,0
1935,18,0,2,0,9.992368,17,1,3,1,1,0,0,0
1936,15,0,1,1,6.104291,7,0,2,1,0,0,0,0
1937,16,1,0,1,19.47485,26,1,3,1,0,0,1,0
1938,15,1,1,2,13.26725,14,1,3,0,0,0,0,0
1939,16,0,1,2,8.16475,12,0,2,0,0,0,0,0
1940,16,1,2,1,5.609264,12,0,4,0,0,0,0,0
1941,18,1,0,1,14.62206,15,1,0,0,0,0,0,0
1942,15,1,0,2,4.843669,21,0,2,0,0,0,0,0
1943,18,0,2,1,3.4342,19,0,1,1,0,1,0,0
1944,15,0,2,0,10.59668,12,0,1,0,0,0,1,0
1945,15,1,3,1,5.799748,19,0,3,0,0,0,1,0
1946,17,1,2,3,12.5781,1,0,4,0,0,0,0,1
1947,15,1,1,3,2.358773,2,0,3,0,0,0,0,0
1948,18,0,1,1,13.09882,14,1,4,1,0,1,0,0
1949,16,0,2,2,5.665931,22,1,1,1,1,0,0,0
1950,15,1,1,2,0.004859,18,1,1,0,0,0,0,0
1951,17,1,1,2,2.538721,12,0,2,0,1,0,0,0
1952,18,1,0,2,18.67231,4,1,3,1,1,0,1,1
1953,15,1,0,2,17.34709,25,1,0,1,1,0,0,0
1954,18,1,2,1,4.672181,21,0,4,1,0,0,0,0
1955,17,1,0,0,15.56744,5,0,3,0,0,0,1,1
1956,17,0,0,2,12.17143,13,0,4,0,0,0,1,0
1957,18,1,0,3,19.41809,3,1,2,0,0,0,0,1
1958,15,0,0,2,7.472113,21,0,2,0,1,1,0,0
1959,16,1,0,3,13.62921,18,1,3,1,0,0,0,0
1960,17,1,0,4,1.270714,22,0,3,0,1,0,0,0
1961,15,0,3,1,7.924947,6,0,1,0,1,0,0,0
1962,15,0,1,2,19.27635,3,1,4,0,0,0,0,1
1963,16,0,0,2,10.77962,1,0,3,1,0,1,0,1
1964,17,0,0,4,5.75759,26,0,0,0,0,0,0,0
1965,17,1,1,4,2.405419,6,1,1,0,0,1,0,0
1966,15,0,0,2,14.07057,2,1,2,1,0,0,0,1
1967,15,1,2,1,12.89712,14,0,2,0,1,0,1,0
1968,16,0,1,2,7.478774,0,0,3,0,0,0,0,1
1969,16,1,2,1,19.01883,1,0,0,0,0,0,0,0
1970,17,1,0,2,0.444056,9,1,3,1,0,0,0,0
1971,18,1,1,3,6.074477,15,0,3,1,0,1,0,0
1972,17,1,0,1,18.42139,24,0,1,1,0,0,1,0
1973,15,1,3,2,6.418709,27,0,2,1,0,1,0,0
1974,17,1,1,2,5.045057,14,1,1,1,0,0,0,0
1975,18,0,0,2,10.68441,23,1,1,1,0,0,0,0
1976,16,1,0,1,16.47603,14,1,2,0,0,0,0,0
1977,18,0,0,2,2.062935,13,0,4,1,0,0,0,0
1978,18,0,1,3,18.86041,21,1,1,0,1,1,0,0
1979,18,1,0,3,15.90146,13,0,2,1,0,0,0,0
1980,16,0,1,1,3.625005,5,0,1,1,0,0,0,0
1981,18,1,0,3,14.24016,13,1,1,0,0,0,0,0
1982,18,0,1,2,7.699174,16,0,2,0,0,1,0,0
1983,18,1,2,1,8.045894,17,0,3,0,1,0,0,0
1984,15,0,2,0,15.6658,19,1,0,0,1,0,0,0
1985,18,1,2,1,19.2557,18,0,4,0,0,0,0,0
1986,16,1,0,3,2.533117,29,0,0,0,1,0,0,0
1987,18,1,0,2,8.412605,16,0,3,0,1,0,0,0
1988,18,1,1,2,9.618832,15,0,3,1,0,0,0,0
1989,16,0,0,1,7.526236,7,1,2,0,1,0,0,1
1990,18,1,0,2,7.263782,6,0,1,0,0,0,0,0
1991,16,0,0,0,1.045373,19,1,2,0,0,1,0,0
1992,18,0,0,1,13.71077,27,0,3,1,1,0,0,0
1993,16,0,0,2,8.724288,11,0,3,0,0,1,0,0
1994,18,1,2,1,3.895876,8,0,2,0,1,0,0,0
1995,18,0,0,3,16.32067,26,1,2,0,0,0,0,0
1996,15,0,1,1,16.05121,13,0,3,0,1,0,0,0
1997,15,0,0,2,9.727833,19,1,4,0,0,0,0,0
1998,18,1,1,2,5.969013,0,0,3,0,0,1,0,1
1999,18,1,0,2,12.76185,9,1,3,0,0,1,0,0
2000,17,0,2,1,5.763043,16,1,2,1,1,0,0,0
2001,16,1,2,0,4.720159,16,1,3,1,0,1,0,0
2002,17,1,0,3,14.61029,16,1,3,0,0,0,1,0
2003,15,0,3,1,0.806505,3,0,3,1,0,1,1,1
2004,15,0,3,3,1.895369,16,1,2,0,0,0,0,0
2005,15,1,2,4,0.135763,17,0,2,0,1,1,1,0
2006,15,0,2,1,3.058864,19,0,2,0,0,1,1,0
2007,18,1,0,1,1.3798,22,0,2,0,0,0,1,0
2008,15,1,1,2,19.91605,1,0,2,0,0,0,0,1
2009,18,1,0,4,5.776199,7,0,3,1,0,0,0,0
2010,18,1,0,3,2.98536,12,0,2,1,0,0,0,0
2011,15,1,3,2,4.819925,22,0,1,0,1,1,0,0
2012,15,1,0,2,18.72251,24,0,3,0,1,0,0,0
2013,16,0,2,1,10.4032,29,0,3,0,0,0,0,0
2014,17,0,2,4,7.296362,21,1,2,0,0,0,0,0
2015,15,1,2,4,17.46783,19,1,1,0,1,0,0,0
2016,16,1,3,1,7.899805,21,1,4,1,0,0,0,0
2017,16,1,0,1,6.700171,14,0,3,0,0,0,0,0
2018,17,0,0,1,4.14565,19,0,1,1,0,0,0,0
2019,18,1,0,1,7.555936,22,1,0,0,0,0,0,0
2020,15,0,0,3,6.333687,8,1,2,1,0,0,0,0
2021,17,1,0,1,13.54608,2,1,3,1,1,0,0,1
2022,15,1,0,0,5.791654,2,0,1,1,0,0,0,0
2023,16,0,2,1,11.54399,1,0,2,1,1,0,0,1
2024,16,0,1,4,1.317843,0,1,2,0,0,1,0,1
2025,18,1,0,2,3.825783,13,0,3,0,0,0,0,0
2026,16,1,1,2,8.148105,16,0,2,1,0,1,0,0
2027,16,1,0,1,18.73899,12,1,2,0,1,0,0,0
2028,17,0,0,4,7.54504,18,1,4,1,0,1,0,0
2029,15,0,2,3,13.28148,29,0,1,0,0,0,0,0
2030,15,0,1,1,5.101744,22,0,1,0,1,1,0,0
2031,17,0,2,0,2.540672,14,1,3,0,1,1,0,0
2032,18,0,0,0,1.170732,26,0,1,1,1,0,0,0
2033,15,0,2,1,6.10827,24,1,3,1,0,1,0,0
2034,16,1,1,2,3.153221,13,1,0,0,1,0,0,0
2035,15,1,1,3,3.480209,1,1,1,0,0,0,0,1
2036,16,0,1,2,15.21519,6,1,4,1,1,0,0,1
2037,18,1,2,3,0.316761,16,0,2,1,1,1,0,0
2038,17,1,1,2,11.1562,17,0,3,0,1,1,1,0
2039,15,0,1,2,7.589228,5,0,1,1,1,0,0,0
2040,17,1,3,2,10.131,26,0,1,0,0,0,0,0
2041,15,0,2,1,11.2566,20,0,3,0,1,1,0,0
2042,16,0,0,1,6.267354,7,0,2,0,0,0,0,0
2043,17,1,2,2,5.902177,27,1,2,1,1,1,0,0
2044,15,0,0,0,14.66804,26,0,0,1,1,0,0,0
2045,16,0,0,1,17.42554,1,0,2,1,0,0,0,1
2046,17,0,1,2,3.851633,0,0,3,1,0,0,0,1
2047,17,0,3,4,1.952375,15,0,3,0,1,0,0,0
2048,15,0,3,2,17.95592,6,0,3,1,0,0,1,0
2049,15,0,0,3,6.997909,21,0,3,0,0,0,0,0
2050,15,0,1,2,11.02635,23,0,2,1,0,0,0,0
2051,16,0,0,2,7.190863,10,1,2,0,0,0,0,0
2052,15,1,3,2,2.516047,14,1,3,1,0,0,0,0
2053,17,1,3,3,11.78663,12,1,1,1,0,0,0,0
2054,17,1,1,2,10.50282,29,0,1,1,0,0,0,0
2055,15,0,2,2,4.059871,23,0,4,1,1,0,0,0
2056,15,0,2,2,9.037381,1,0,0,0,0,0,0,0
2057,18,1,1,2,15.93895,13,0,1,1,0,0,0,0
2058,17,1,0,1,11.80852,23,0,2,0,0,1,0,0
2059,16,1,0,0,1.938347,5,0,3,1,0,0,0,0
2060,18,0,1,0,10.96043,8,1,2,1,0,1,0,1
2061,15,1,1,3,14.05477,27,0,2,0,1,0,0,0
2062,15,1,0,1,15.85407,6,0,4,1,0,1,0,1
2063,17,0,3,1,12.58235,17,0,3,0,0,0,0,0
2064,15,1,0,2,3.053163,23,0,3,1,1,0,0,0
2065,16,0,1,1,14.20347,8,1,0,1,0,1,0,0
2066,17,0,1,2,13.54684,22,0,1,0,0,0,0,0
2067,15,0,1,1,0.488538,3,0,2,0,1,0,0,1
2068,17,1,1,4,8.234953,8,0,1,0,0,0,0,0
2069,15,1,0,3,6.659005,3,0,0,1,1,0,0,0
2070,15,0,0,3,13.38824,11,0,1,1,0,1,0,0
2071,15,1,1,2,4.322716,3,1,2,0,0,1,0,1
2072,16,1,1,2,11.81744,24,1,3,1,1,0,0,0
2073,16,1,0,1,18.26412,29,1,3,0,0,0,0,0
2074,17,1,2,0,15.95605,23,0,0,0,0,1,0,0
2075,15,0,0,0,18.42915,19,0,2,0,1,1,0,0
2076,15,1,1,2,19.57012,13,0,1,0,0,0,0,0
2077,16,0,2,2,0.213403,23,1,2,0,1,0,0,0
2078,15,0,0,2,12.45483,23,1,2,0,1,0,0,0
2079,16,1,0,0,8.256788,6,1,2,0,0,1,0,1
2080,15,0,2,2,17.19709,25,0,3,1,0,0,0,0
2081,17,1,1,2,5.036294,12,0,3,0,0,0,0,0
2082,15,1,1,2,19.62059,21,0,3,0,1,0,0,0
2083,15,0,2,2,12.27416,7,0,3,0,0,1,0,0
2084,18,0,2,1,15.87075,22,0,3,0,0,1,0,0
2085,16,0,3,3,1.711991,4,0,3,0,0,0,0,0
2086,15,0,1,2,3.669158,11,1,2,0,0,0,0,0
2087,15,1,0,1,15.16807,12,0,2,1,0,1,0,0
2088,18,1,0,1,0.43973,28,0,3,1,1,0,0,0
2089,18,1,0,2,16.33756,19,0,0,0,0,0,0,0
2090,16,0,1,3,0.27898,13,0,3,0,0,0,0,0
2091,18,0,0,2,13.14238,27,1,4,0,1,0,0,0
2092,17,0,3,1,7.301878,17,0,3,0,0,0,0,0
2093,18,1,1,3,12.2299,26,0,0,1,1,0,0,0
2094,17,0,1,2,13.92063,23,1,2,1,0,0,0,0
2095,16,1,0,2,6.849504,24,0,3,1,0,1,0,0
2096,16,0,0,2,2.159249,19,0,4,0,1,0,0,0
2097,16,1,0,1,1.392917,3,1,2,1,0,0,0,1
2098,16,1,0,2,11.77872,20,1,3,0,0,0,0,0
2099,16,0,0,1,10.41311,17,0,3,0,0,0,0,0
2100,17,0,1,4,14.84402,6,0,1,0,1,1,1,1
2101,17,1,2,2,10.19471,14,0,3,1,1,0,1,0
2102,16,1,2,2,8.448916,20,1,2,1,0,0,0,0
2103,18,0,1,2,7.961744,5,0,2,0,1,0,1,1
2104,15,0,0,3,0.528938,15,1,2,0,0,0,0,0
2105,16,1,2,3,6.711144,19,1,3,1,0,0,1,0
2106,18,0,2,2,19.5204,23,1,3,1,1,0,0,0
2107,15,1,0,2,17.47111,7,0,2,0,1,0,0,1
2108,16,1,2,2,6.587561,27,0,3,1,0,0,0,0
2109,16,0,0,2,11.75591,20,0,3,0,0,0,0,0
2110,17,0,2,1,16.94593,15,1,3,1,0,0,0,0
2111,15,0,3,2,8.825487,27,0,2,0,1,0,0,0
2112,15,0,0,1,0.359157,21,0,0,0,1,0,1,0
2113,18,0,2,3,1.490209,15,0,2,1,0,1,0,0
2114,17,1,1,1,10.20785,2,0,3,1,1,0,0,1
2115,17,1,3,4,19.38879,16,0,1,0,1,0,0,0
2116,17,0,0,2,13.86419,8,0,4,0,1,1,0,1
2117,17,0,2,2,1.418324,24,0,3,0,0,0,0,0
2118,15,0,0,2,3.787218,2,0,3,0,0,0,0,0
2119,15,1,0,1,15.42646,19,0,3,1,0,1,1,0
2120,16,0,0,1,16.8288,28,1,2,0,0,0,0,0
2121,16,0,3,0,12.35389,6,1,3,1,1,0,0,1
2122,17,1,2,2,12.88846,17,0,2,0,1,0,0,0
2123,17,1,2,2,0.566749,11,0,3,1,0,0,0,0
2124,17,0,3,2,16.57061,18,1,3,0,1,0,0,0
2125,16,0,0,1,15.7655,15,0,3,0,0,0,0,0
2126,18,0,0,1,5.180703,21,0,3,0,0,0,0,0
2127,18,1,0,2,14.17353,26,0,0,1,0,0,0,0
2128,16,0,0,3,4.297092,23,0,0,0,0,0,0,0
2129,16,0,0,2,0.806603,16,0,3,0,0,1,0,0
2130,16,0,0,2,4.022731,19,1,1,1,0,0,0,0
2131,16,1,0,2,3.572578,14,1,2,1,1,0,0,0
2132,16,1,0,0,6.75496,0,0,2,1,0,0,0,1
2133,16,0,0,4,8.36899,1,0,0,0,0,0,0,0
2134,17,0,0,2,10.17078,7,0,0,0,0,0,0,0
2135,17,1,3,1,9.535078,21,0,3,1,1,0,0,0
2136,17,1,2,2,5.413492,24,0,3,0,0,0,0,0
2137,17,1,3,1,0.583413,1,0,2,0,1,1,0,1
2138,16,1,0,4,12.10203,18,1,4,0,0,0,0,0
2139,18,1,0,1,7.914897,8,0,1,1,0,0,1,0
2140,15,1,2,2,5.973443,8,1,1,0,1,0,0,0
2141,16,1,0,1,17.33882,12,0,3,1,0,1,0,0
2142,15,1,0,2,14.93487,5,0,3,0,0,1,0,1
2143,18,1,0,2,17.15531,29,0,2,1,0,1,0,0
2144,17,0,0,2,9.899656,14,0,4,1,0,1,0,0
2145,18,0,0,2,2.618625,18,1,4,0,1,0,0,0
2146,16,0,0,3,13.92443,20,0,0,0,0,0,0,0
2147,17,1,1,0,4.121476,14,0,1,1,0,0,0,0
2148,16,0,0,1,8.824593,17,0,3,0,0,0,0,0
2149,17,1,0,1,1.300016,6,0,2,1,0,0,0,0
2150,15,1,2,4,16.50617,25,0,0,1,0,1,1,0
2151,15,0,0,1,2.518813,10,0,3,0,0,0,0,0
2152,15,1,0,2,18.06195,7,1,2,0,0,1,0,0
2153,18,0,2,2,17.28461,5,1,2,0,0,1,0,1
2154,16,0,0,1,9.291655,7,0,1,1,0,0,0,0
2155,18,0,0,1,14.88736,1,0,3,0,0,1,0,1
2156,15,1,0,1,12.3889,18,0,2,1,0,0,0,0
2157,16,0,0,2,16.06151,15,0,1,1,1,0,0,0
2158,15,1,1,1,8.636102,6,1,2,0,0,0,1,0
2159,18,0,2,0,15.71617,9,1,2,0,1,0,0,1
2160,18,0,0,3,9.249136,11,0,4,0,0,1,0,0
2161,18,0,1,4,18.81932,16,0,4,1,1,0,0,0
2162,15,1,1,1,9.727442,6,1,1,0,0,0,0,0
2163,16,1,0,1,9.252385,21,1,3,0,0,0,0,0
2164,16,1,1,0,15.70144,7,0,3,1,1,0,0,0
2165,15,0,0,2,16.43155,6,0,3,0,1,0,0,1
2166,16,0,0,3,11.08978,3,0,2,0,0,0,0,0
2167,15,1,0,1,3.595956,2,1,0,0,0,0,0,0
2168,16,1,0,1,9.355165,18,0,3,1,0,0,1,0
2169,17,1,0,2,19.36145,14,1,1,0,0,0,0,0
2170,17,1,2,2,15.05972,3,0,1,0,0,0,0,0
2171,18,1,0,0,16.22325,24,0,3,1,1,0,0,0
2172,17,1,0,2,0.65651,8,0,4,0,0,1,0,0
2173,17,0,0,1,9.357189,12,1,1,1,0,0,0,0
2174,17,1,2,1,12.93242,17,0,3,0,0,0,0,0
2175,15,0,1,2,16.60065,20,1,2,0,1,0,0,0
2176,17,0,1,3,0.985473,15,0,3,0,1,0,0,0
2177,17,1,2,2,17.04878,0,1,2,0,0,0,0,1
2178,18,1,2,3,10.96802,3,1,1,0,0,1,0,1
2179,17,0,0,2,3.946279,17,0,1,0,0,0,1,0
2180,17,1,1,2,6.345104,7,1,2,0,0,1,1,0
2181,16,1,2,2,5.638591,19,0,1,0,0,1,0,0
2182,18,0,3,3,10.61718,15,0,0,0,1,1,0,0
2183,18,0,2,3,1.033714,20,0,3,0,1,0,0,0
2184,18,0,0,0,3.170723,10,1,2,0,0,1,0,0
2185,18,1,0,3,16.25386,19,1,3,1,0,0,0,0
2186,18,0,0,3,2.65208,20,0,1,0,0,0,1,0
2187,18,1,2,2,4.667925,20,1,3,0,0,0,1,0
2188,15,0,0,1,9.067412,20,0,2,1,1,1,0,0
2189,17,0,0,3,10.34242,26,1,0,0,0,0,0,0
2190,18,0,2,3,15.27221,18,0,2,0,0,0,0,0
2191,17,1,0,1,8.946649,22,0,0,0,1,1,0,0
2192,17,1,2,4,15.79729,18,0,3,1,0,0,0,0
2193,15,0,0,0,12.36693,17,0,3,0,1,0,0,0
2194,18,0,0,1,2.261995,18,0,2,1,1,0,0,0
2195,16,0,0,2,3.126629,10,0,1,1,1,1,1,0
2196,15,1,2,2,8.740675,2,0,1,0,0,0,0,0
2197,16,0,0,2,7.937788,7,1,2,1,0,0,0,0
2198,17,1,0,0,14.87089,19,0,3,0,0,0,1,0
2199,17,0,3,4,11.61474,18,1,1,0,0,0,0,0
2200,15,0,0,0,7.762662,9,0,0,0,1,0,0,0
2201,15,0,1,1,3.415206,15,0,2,1,0,0,0,0
2202,16,0,1,0,4.536742,4,0,2,0,0,0,0,0
2203,18,0,0,2,11.51002,19,1,1,0,0,0,0,0
2204,16,0,1,3,8.468776,8,1,2,1,1,1,1,0
2205,15,1,0,2,10.29855,7,0,2,1,0,0,0,0
2206,16,0,1,3,3.413549,10,0,2,1,0,0,0,0
2207,15,1,0,0,13.25813,15,0,2,0,0,0,0,0
2208,16,0,1,2,17.05077,6,0,3,0,1,0,0,0
2209,15,0,0,2,5.15879,14,1,0,0,0,1,1,0
2210,15,1,1,2,9.830285,23,0,1,1,0,0,0,0
2211,15,0,0,0,19.51055,28,0,2,0,0,0,1,0
2212,18,1,0,2,6.664835,20,1,2,1,0,0,1,0
2213,16,1,0,2,11.90093,19,1,2,0,1,0,0,0
2214,16,0,0,2,1.803914,22,0,3,1,1,0,0,0
2215,16,1,2,2,12.1203,16,0,3,1,0,1,0,0
2216,15,1,0,1,1.792635,5,0,1,1,0,1,0,0
2217,16,0,3,2,19.18471,14,0,3,0,0,0,0,0
2218,16,1,3,1,14.31325,7,0,2,0,1,0,0,0
2219,15,0,1,3,15.7632,6,1,1,0,0,0,0,1
2220,17,0,0,2,14.08209,1,1,4,0,1,0,0,1
2221,15,0,0,1,11.79458,29,0,3,0,1,0,0,0
2222,16,0,2,4,8.998256,12,0,4,1,1,0,0,0
2223,15,1,0,2,17.16747,29,0,1,0,1,0,0,0
2224,17,0,0,0,19.13671,22,0,1,1,0,1,0,0
2225,15,0,1,2,9.980723,28,0,2,0,1,0,0,0
2226,16,1,2,1,18.6307,5,0,3,0,1,0,0,1
2227,17,0,2,3,11.66666,28,0,1,0,0,0,0,0
2228,18,0,0,3,10.76768,4,0,3,1,1,1,0,1
2229,16,1,1,4,9.089655,19,0,2,0,1,0,0,0
2230,17,1,0,2,4.185755,0,0,2,1,1,0,0,1
2231,17,1,0,2,0.074393,28,0,3,0,0,0,0,0
2232,18,1,2,2,4.830125,17,0,3,1,0,0,0,0
2233,15,1,0,1,10.19446,14,0,0,0,0,0,0,0
2234,15,1,0,2,7.599199,22,0,4,0,1,1,0,0
2235,16,1,0,2,8.969705,9,0,2,1,1,0,0,0
2236,18,0,2,0,19.61296,2,1,0,1,0,0,0,1
2237,15,1,2,2,7.005447,4,0,3,0,0,0,0,0
2238,18,1,1,3,9.043659,23,0,4,1,1,0,0,0
2239,15,1,2,3,2.670311,28,0,3,0,0,0,0,0
2240,17,0,0,0,0.959155,12,0,3,1,0,1,0,0
2241,15,0,0,0,15.50819,7,1,3,0,1,0,0,1
2242,18,1,0,1,11.41366,21,1,4,0,0,1,0,0
2243,17,1,0,3,15.2141,20,0,0,0,0,0,1,0
2244,17,1,0,1,2.997256,28,0,3,1,1,0,0,0
2245,17,0,3,2,11.43658,1,0,3,1,0,0,0,1
2246,18,0,0,1,5.072849,8,0,0,0,1,0,0,0
2247,16,1,0,2,4.561236,16,0,2,1,0,0,1,0
2248,16,0,0,1,0.23052,26,0,2,0,0,0,0,0
2249,16,1,0,2,2.606814,17,0,3,1,0,0,1,0
2250,18,0,3,1,6.185362,12,0,0,0,0,0,0,0
2251,17,0,0,2,2.337575,0,1,3,0,0,0,0,1
2252,16,1,0,1,19.71717,11,0,1,0,0,0,0,0
2253,18,1,2,2,6.172653,19,0,2,0,0,1,0,0
2254,16,1,0,3,2.606479,19,0,3,0,0,0,1,0
2255,15,1,0,1,3.981646,20,0,2,1,0,0,0,0
2256,16,0,0,3,11.75406,4,1,2,0,0,0,0,1
2257,16,0,1,2,1.28087,7,0,0,1,0,0,0,0
2258,17,0,3,1,17.24868,26,1,3,1,0,0,0,0
2259,18,1,2,2,19.22999,14,0,4,0,0,0,0,0
2260,17,0,0,1,4.934948,26,1,4,0,0,0,0,0
2261,17,1,2,2,9.001905,2,1,3,1,1,0,0,1
2262,17,0,0,2,0.442689,5,0,1,1,0,0,0,0
2263,17,1,0,1,12.8142,27,0,1,1,0,1,0,0
2264,17,1,0,2,8.278521,12,1,1,1,1,1,0,0
2265,16,0,0,3,5.401169,11,0,2,0,0,1,0,0
2266,17,1,1,3,4.136742,18,0,1,1,0,0,0,0
2267,17,1,1,2,13.08046,28,0,1,0,0,1,0,0
2268,18,0,3,4,8.324341,17,0,3,0,0,0,0,0
2269,15,1,1,2,3.593186,23,0,2,1,0,0,1,0
2270,16,1,1,1,13.78218,0,0,3,1,0,0,0,1
2271,16,1,0,3,11.30145,24,0,4,1,1,0,0,0
2272,16,0,0,2,17.17344,26,0,3,0,0,1,0,0
2273,17,0,1,2,2.349518,6,1,3,1,0,0,0,0
2274,17,1,0,2,15.71333,11,0,3,1,0,0,0,0
2275,17,0,2,3,13.47034,9,1,2,1,0,0,0,0
2276,18,1,0,3,2.300219,28,1,0,0,0,0,0,0
2277,15,1,0,2,13.89641,11,1,0,1,1,0,0,0
2278,17,1,0,1,8.830946,10,1,1,0,1,1,0,0
2279,15,1,0,2,18.8997,3,1,3,1,1,0,0,1
2280,18,1,0,2,2.832227,18,1,4,1,0,0,0,0
2281,16,0,2,1,12.85667,5,0,4,1,1,0,0,1
2282,17,1,0,2,7.639601,24,0,0,0,0,0,1,0
2283,15,0,1,2,19.13629,8,1,4,0,0,0,0,0
2284,15,0,0,1,6.599498,19,0,2,0,0,0,0,0
2285,17,1,0,1,19.24372,9,1,3,0,1,0,0,0
2286,16,1,0,1,18.02972,4,1,1,1,0,0,0,1
2287,16,0,2,3,5.407665,26,0,0,0,0,0,0,0
2288,16,0,0,1,16.07084,12,1,2,0,1,0,1,0
2289,18,0,2,1,19.91208,8,0,3,1,0,1,1,1
2290,15,1,0,2,5.05326,1,0,1,0,0,1,0,1
2291,15,0,2,1,8.735543,17,0,1,1,0,0,1,0
2292,15,1,0,0,10.40361,20,0,4,0,0,0,0,0
2293,18,1,1,1,5.898623,0,0,4,0,0,0,0,1
2294,15,1,1,2,0.305297,23,0,0,1,0,0,0,0
2295,18,0,3,2,4.402585,20,0,3,0,0,0,0,0
2296,16,1,0,1,5.638738,11,1,2,0,1,0,0,0
2297,17,1,0,2,8.871994,9,0,2,0,1,0,1,0
2298,15,1,0,4,3.42205,1,0,2,0,1,0,0,1
2299,15,1,2,1,17.46509,27,0,2,1,0,0,0,0
2300,16,1,1,1,14.09822,8,1,2,1,0,0,0,0
2301,17,0,2,1,1.70401,1,1,2,0,0,0,0,0
2302,18,1,0,2,13.00185,22,0,2,1,1,0,1,0
2303,17,1,0,2,13.07313,23,0,3,1,1,1,0,0
2304,16,0,0,1,19.12442,29,1,3,1,1,0,0,0
2305,16,1,3,2,0.060417,21,0,2,0,0,0,1,0
2306,17,0,1,0,4.958649,13,0,1,1,0,0,0,0
2307,18,1,3,2,18.55583,10,0,3,0,1,0,0,0
2308,18,0,0,2,18.64268,22,0,3,1,0,0,0,0
2309,15,0,1,1,14.41173,10,1,3,1,0,0,0,0
2310,18,1,1,2,15.31527,16,0,2,0,1,0,0,0
2311,17,1,0,1,1.829659,3,0,1,0,0,0,0,0
2312,16,1,2,2,10.27752,12,0,3,0,0,0,0,0
2313,15,0,3,0,4.63166,6,1,2,0,0,1,0,0
2314,15,0,2,3,3.624361,15,1,4,0,0,1,0,0
2315,16,0,2,1,16.20607,0,1,3,1,0,0,0,1
2316,18,1,0,3,2.700763,12,0,1,0,0,0,0,0
2317,16,0,0,1,9.373033,0,0,2,0,1,1,1,1
2318,18,0,3,2,18.77156,10,1,3,0,0,0,0,0
2319,16,1,0,1,3.716641,5,0,2,0,0,0,0,0
2320,17,0,2,3,19.55987,19,1,2,0,0,0,0,0
2321,18,0,2,1,19.88576,2,0,3,1,0,0,0,1
2322,17,1,1,1,11.11234,11,0,3,0,0,0,0,0
2323,15,0,3,2,3.402855,4,0,1,1,1,1,1,0
2324,16,1,0,0,6.322098,8,1,2,0,0,0,0,0
2325,15,1,0,1,8.489857,25,1,4,1,0,0,0,0
2326,15,1,0,3,6.186484,25,0,4,0,1,0,0,0
2327,15,1,0,4,5.612712,11,0,3,1,0,0,0,0
2328,15,1,0,1,19.44459,29,1,4,1,0,1,0,0
2329,16,0,0,3,3.067297,29,0,2,1,0,0,0,0
2330,15,0,2,2,14.66656,27,1,2,1,0,0,0,0
2331,16,1,3,1,0.008206,26,0,2,1,0,0,0,0
2332,16,1,0,2,11.92365,9,0,1,1,0,0,0,0
2333,17,0,0,2,18.31886,18,0,2,1,0,0,0,0
2334,18,1,3,4,5.758682,4,0,2,1,1,0,1,1
2335,18,1,0,1,3.71052,25,0,3,1,0,0,0,0
2336,16,1,0,2,13.0336,4,0,3,0,0,0,1,1
2337,17,0,0,0,14.25203,8,0,3,0,0,0,0,0
2338,16,0,1,1,13.76061,26,0,2,1,0,0,0,0
2339,16,1,0,0,6.386338,27,0,1,0,0,0,0,0
2340,16,1,3,4,5.044048,25,1,2,1,0,0,0,0
2341,17,0,0,3,19.11838,26,0,3,0,1,1,0,0
2342,18,0,1,2,18.46599,19,0,1,0,1,1,0,0
2343,17,1,0,2,9.146332,16,0,2,1,0,0,1,0
2344,15,1,0,1,16.92388,9,0,2,0,1,0,0,0
2345,17,0,1,1,9.04647,20,1,3,0,0,0,0,0
2346,17,0,2,1,8.48778,0,0,3,0,0,0,0,1
2347,17,0,2,1,3.135259,21,1,3,0,1,0,1,0
2348,17,1,1,2,8.528121,27,0,2,1,1,0,0,0
2349,18,0,3,2,10.74834,15,0,2,0,0,1,1,0
2350,15,1,2,0,0.450087,25,0,1,1,0,0,0,0
2351,18,0,2,0,8.88226,25,1,1,0,0,0,0,0
2352,18,0,0,1,15.62712,14,1,1,1,0,0,1,0
2353,17,0,0,2,13.60092,22,0,1,0,1,0,0,0
2354,16,0,0,3,12.70314,16,1,1,0,0,0,1,0
2355,16,1,1,2,18.19111,25,0,1,0,0,1,0,0
2356,18,1,0,3,0.36064,19,1,1,0,0,0,0,0
2357,18,0,0,2,11.14095,24,0,3,0,0,0,1,0
2358,17,1,2,1,15.74698,12,0,4,1,1,0,0,1
2359,18,0,2,1,10.82671,0,0,3,0,1,1,0,1
2360,17,0,3,3,6.477911,24,1,0,0,0,0,0,0
2361,16,0,0,2,2.725011,7,1,2,0,0,0,0,0
2362,16,0,1,1,17.75126,4,1,3,1,0,0,0,1
2363,15,1,0,2,9.415248,5,1,1,0,0,0,0,1
2364,16,0,0,2,17.5623,22,0,3,0,0,0,0,0
2365,18,0,0,2,11.71704,19,1,2,0,0,0,0,0
2366,16,1,0,3,13.48384,29,1,4,1,0,0,0,0
2367,17,0,0,2,16.08522,13,0,3,1,0,1,0,0
2368,16,0,2,2,13.18311,21,0,3,0,1,0,0,0
2369,15,0,0,0,7.961097,22,0,3,0,0,0,1,0
2370,16,1,2,0,10.27267,10,1,1,0,1,0,1,0
2371,17,0,1,1,16.06091,5,1,1,1,0,0,0,0
2372,17,1,0,0,7.473006,10,1,2,0,1,0,0,0
2373,18,0,0,2,7.762429,12,1,1,1,0,0,0,0
2374,16,0,0,2,1.913802,11,1,1,0,1,0,0,0
2375,17,1,1,1,18.29169,21,1,2,0,0,0,0,0
2376,15,0,0,3,1.820726,1,1,3,0,1,1,0,1
2377,18,0,0,1,12.96418,20,0,0,1,1,0,0,0
2378,15,1,0,1,8.26389,2,0,1,1,0,0,0,0
2379,16,1,1,1,8.112388,22,0,2,1,0,0,0,0
2380,16,1,3,1,13.59104,3,1,2,0,1,0,1,1
2381,16,1,0,1,1.341875,16,0,1,0,1,0,0,0
2382,18,1,2,2,11.87412,27,0,4,0,1,0,0,0
2383,17,0,1,2,15.44064,27,0,2,0,1,0,0,0
2384,18,1,3,4,16.56426,21,0,2,0,1,1,0,0
2385,15,0,2,0,3.410608,5,0,0,0,0,0,0,0
2386,18,0,1,1,17.94838,6,0,2,0,0,1,1,0
2387,15,0,1,0,13.12292,14,0,3,0,0,0,0,0
2388,18,1,2,2,17.6371,10,0,1,1,0,1,0,0
2389,17,1,0,0,9.705614,23,0,2,0,0,0,0,0
2390,15,0,0,3,10.84067,2,0,0,1,0,0,0,0
2391,16,1,0,2,18.38077,29,0,4,0,0,0,0,0
2392,16,1,2,2,17.99819,5,0,0,1,0,0,0,1
2393,18,1,2,2,8.963217,25,0,3,0,0,0,1,0
2394,16,1,0,1,5.488253,1,0,2,0,0,0,0,0
2395,15,0,1,1,7.863409,28,1,2,1,0,0,0,0
2396,16,0,0,1,7.755287,13,0,3,0,0,0,1,0
2397,17,1,0,2,5.737337,8,0,1,1,1,0,0,0
2398,17,0,3,1,5.371592,17,0,2,1,0,0,0,0
2399,18,1,0,1,17.22126,18,0,2,0,1,0,0,0
2400,15,1,0,4,1.397238,11,0,0,1,0,1,0,0
2401,17,0,1,0,13.55222,12,0,3,1,0,0,0,0
2402,17,0,2,3,3.456401,25,0,0,0,0,0,0,0
2403,15,0,0,2,6.890118,11,0,3,1,0,0,0,0
2404,16,1,1,1,1.230861,11,0,2,1,0,1,0,0
2405,16,0,1,1,5.399473,17,1,1,0,0,1,0,0
2406,18,1,0,1,15.36842,8,0,3,0,1,0,0,0
2407,16,0,0,2,17.70031,16,1,2,0,1,1,0,0
2408,15,0,1,2,4.430543,20,0,2,1,1,0,0,0
2409,17,1,0,2,9.270957,15,0,2,1,1,0,1,0
2410,16,1,3,3,9.406481,16,0,1,1,0,0,1,0
2411,18,1,2,2,17.47151,20,1,3,0,0,0,0,0
2412,16,1,3,1,15.25598,23,0,2,0,0,0,1,0
2413,15,1,0,1,10.26154,7,0,1,1,0,0,1,0
2414,18,1,3,3,13.41494,10,0,3,0,1,0,0,0
2415,16,1,0,1,16.9471,23,0,0,1,1,0,0,0
2416,18,1,0,0,0.190779,1,1,1,1,1,0,0,1
2417,15,0,0,2,8.057801,7,0,2,0,1,0,0,0
2418,17,1,0,2,18.14486,11,0,3,0,0,0,0,0
2419,15,1,1,3,14.80626,20,0,4,0,0,0,0,0
2420,15,0,0,2,10.85683,0,0,3,1,0,1,0,1
2421,15,1,0,0,10.59289,22,0,2,1,1,0,0,0
2422,15,0,1,3,6.955402,12,0,3,1,1,0,0,0
2423,17,0,0,1,10.41041,21,0,2,0,0,0,1,0
2424,17,1,1,1,13.10766,20,1,1,0,0,0,0,0
2425,18,0,0,2,8.367261,16,0,4,1,0,1,0,0
2426,16,1,2,0,14.28306,13,1,1,0,0,0,0,0
2427,17,0,2,2,17.22464,13,0,2,1,1,0,0,0
2428,17,0,0,1,3.093697,15,0,3,0,0,0,0,0
2429,16,0,0,2,9.03094,16,0,3,0,0,1,0,0
2430,17,1,0,1,8.160402,5,1,0,0,0,0,0,0
2431,15,1,2,2,13.7493,25,0,0,0,1,0,1,0
2432,15,0,0,3,4.997349,27,0,2,1,0,0,0,0
2433,16,0,0,1,12.80502,6,0,2,0,0,0,1,0
2434,18,1,0,1,17.54978,25,1,2,1,0,0,0,0
2435,18,1,0,1,8.362632,25,0,2,0,0,0,0,0
2436,16,0,0,1,18.22031,0,0,4,0,0,0,0,1
2437,16,0,2,2,19.86327,24,0,1,0,1,1,0,0
2438,15,1,0,2,2.121841,14,1,2,0,1,0,0,0
2439,18,1,0,1,4.661064,19,1,2,0,0,0,0,0
2440,17,1,2,1,19.0076,20,0,1,1,0,0,0,0
2441,15,1,2,1,19.16655,17,0,1,0,1,0,0,0
2442,16,1,0,2,1.954146,29,1,4,0,0,0,0,0
2443,18,0,0,1,0.29997,27,1,3,0,0,0,0,0
2444,17,1,0,4,3.222,25,0,1,0,0,0,1,0
2445,17,0,3,2,19.92026,12,1,3,0,0,0,0,0
2446,15,1,0,1,3.599992,23,0,1,1,0,0,0,0
2447,18,0,3,2,10.05095,29,0,3,0,1,1,0,0
2448,18,1,1,3,16.96835,1,1,0,0,1,0,0,1
2449,16,1,1,2,0.408032,18,0,3,1,0,0,0,0
2450,18,0,0,1,12.08978,14,1,0,0,1,0,1,0
2451,18,0,0,1,5.540509,11,0,2,0,0,1,0,0
2452,15,1,0,3,17.2467,14,0,3,0,0,1,0,0
2453,18,1,0,2,5.669223,24,1,1,0,0,1,0,0
2454,17,1,1,2,13.73511,17,0,2,0,0,0,0,0
2455,15,1,3,3,13.48439,13,0,0,1,1,0,0,0
2456,15,1,1,3,4.429871,5,1,3,1,1,0,1,1
2457,16,0,2,3,0.695984,11,0,2,1,1,0,0,0
2458,18,0,0,0,8.184991,19,0,2,0,0,0,1,0
2459,16,1,0,2,5.783863,22,1,4,1,0,0,0,0
2460,17,0,0,2,16.17955,29,0,2,0,0,0,0,0
2461,15,0,1,2,16.00728,29,1,0,0,1,1,0,0
2462,15,0,3,2,9.140479,5,1,3,0,0,0,0,0
2463,15,1,1,1,12.13024,25,0,3,0,0,1,0,0
2464,17,0,0,2,12.08519,29,0,4,1,0,0,1,0
2465,17,1,0,2,16.54316,8,1,1,1,0,0,0,0
2466,16,0,1,0,8.500048,29,0,2,1,1,0,0,0
2467,16,1,0,2,5.508934,24,0,3,1,1,0,0,0
2468,16,0,2,1,5.300698,25,0,3,1,1,0,1,0
2469,18,1,2,1,10.72385,3,0,3,0,1,0,1,1
2470,15,1,1,0,8.982964,16,0,1,0,0,0,0,0
2471,15,0,0,2,8.802415,1,1,1,1,0,1,0,1
2472,16,1,0,2,1.822747,15,1,1,0,0,0,0,0
2473,15,1,0,2,14.37207,23,0,4,1,1,0,0,0
2474,16,1,0,2,4.274734,13,0,1,0,0,0,0,0
2475,18,1,0,3,3.939073,25,0,2,0,0,1,0,0
2476,18,1,1,1,8.255166,7,0,2,0,0,0,1,0
2477,17,1,1,1,4.555567,13,1,2,1,0,1,0,0
2478,18,1,0,3,11.67717,1,1,2,0,0,0,0,1
2479,16,1,0,1,7.429267,15,1,3,1,0,0,0,0
2480,18,0,0,4,8.978234,3,0,2,0,1,0,0,0
2481,17,0,0,3,10.74339,0,0,1,1,0,0,1,1
2482,15,1,2,2,4.07071,22,0,2,0,0,0,0,0
2483,16,1,0,4,3.115032,19,0,3,0,1,0,0,0
2484,15,0,0,0,17.60844,26,0,4,0,0,0,0,0
2485,17,0,0,1,8.674474,13,1,3,0,0,1,0,0
2486,17,0,2,2,8.241872,7,1,3,0,0,0,0,0
2487,17,1,1,1,0.712243,24,1,2,1,0,0,0,0
2488,15,0,0,3,9.959526,27,1,3,0,0,0,1,0
2489,15,1,1,0,11.08339,24,0,4,0,0,0,0,0
2490,15,1,2,2,11.17682,2,0,2,0,1,0,0,1
2491,15,0,3,2,14.14062,4,0,0,0,0,0,0,0
2492,17,1,0,2,3.549637,5,0,4,0,0,0,0,0
2493,17,1,2,1,5.044463,21,0,3,0,0,0,0,0
2494,16,1,3,1,16.21461,25,1,2,0,1,0,0,0
2495,16,1,3,3,18.94341,7,0,4,0,1,1,0,1
2496,15,0,1,1,2.718655,5,0,2,0,0,1,0,0
2497,18,0,1,3,9.952991,5,0,2,1,0,0,0,0
2498,18,1,0,2,4.283525,3,0,3,0,1,1,0,1
2499,17,1,2,2,1.201463,6,0,1,0,0,0,0,0
2500,17,0,1,2,6.510067,29,0,3,0,0,0,1,0
2501,17,1,1,1,2.873753,29,0,1,0,0,0,0,0
2502,16,0,0,2,14.19866,23,1,1,0,0,0,0,0
2503,16,1,2,3,10.67451,18,0,2,1,0,1,0,0
2504,17,1,2,2,2.876689,6,0,2,0,0,0,0,0
2505,17,0,0,4,0.184832,2,0,1,1,0,0,0,0
2506,17,0,2,2,16.16314,7,1,4,0,0,0,0,1
2507,18,0,1,1,3.523888,0,0,2,1,0,0,0,0
2508,16,0,2,1,12.12433,0,1,1,1,0,1,0,1
2509,18,1,0,4,6.738438,13,1,2,0,1,0,0,0
2510,18,0,0,1,11.70972,5,1,3,0,0,0,0,0
2511,17,1,3,3,6.313073,9,0,2,0,0,0,1,0
2512,17,0,0,3,1.738791,24,0,1,1,0,0,0,0
2513,15,0,2,1,4.459,27,0,1,0,0,0,0,0
2514,15,1,0,0,3.761171,13,0,2,0,0,0,0,0
2515,18,0,1,2,8.560387,3,0,2,0,0,0,1,0
2516,16,0,0,1,13.16568,5,1,3,0,0,1,0,1
2517,17,0,1,2,5.276121,15,1,4,1,0,0,0,0
2518,17,0,0,2,0.241399,27,0,1,1,1,1,0,0
2519,18,1,0,2,10.37875,20,0,3,0,1,1,1,0
2520,15,1,0,2,12.11519,27,1,4,0,1,1,0,0
2521,16,0,0,1,19.25741,0,0,4,0,0,0,0,1
2522,15,0,3,2,11.78942,5,0,4,1,0,1,0,1
2523,15,0,3,1,9.423451,8,0,3,1,1,0,0,0
2524,15,1,0,1,11.46803,14,1,2,0,0,0,1,0
2525,15,1,2,2,18.55801,11,0,2,0,1,0,1,0
2526,17,1,0,3,16.56756,2,1,2,1,0,0,0,1
2527,17,1,1,1,6.459575,10,0,3,0,0,1,0,0
2528,15,0,2,2,4.745087,14,0,2,0,0,0,0,0
2529,16,0,3,2,5.252672,2,0,1,0,0,0,0,0
2530,18,0,0,1,10.08842,13,0,1,0,0,0,0,0
2531,16,1,2,1,14.88099,1,0,3,0,0,1,0,1
2532,16,0,0,3,10.06438,28,0,3,1,0,0,0,0
2533,16,1,3,2,1.355928,3,1,2,0,0,1,1,0
2534,15,1,0,2,14.47161,25,0,1,0,0,0,0,0
2535,17,0,1,2,16.1194,18,1,3,0,0,0,0,0
2536,16,0,1,0,5.789957,11,1,0,1,0,0,0,0
2537,15,0,1,2,13.28251,1,1,2,0,0,0,0,1
2538,16,1,0,2,8.531838,16,1,2,0,0,0,1,0
2539,16,1,3,2,17.78239,2,0,4,0,0,0,0,1
2540,15,0,0,1,16.90451,9,0,2,1,1,0,0,0
2541,17,0,1,0,10.50864,15,1,2,0,0,0,1,0
2542,17,1,0,1,13.83011,21,1,3,0,1,0,0,0
2543,18,0,0,4,17.66699,8,1,2,0,1,0,1,0
2544,15,1,1,2,9.91434,10,0,1,0,0,0,0,0
2545,18,1,0,2,6.265015,20,0,2,1,0,0,0,0
2546,18,0,0,0,15.07332,14,0,4,1,0,0,0,0
2547,18,0,0,0,4.401325,2,1,2,0,0,1,1,1
2548,17,0,0,2,7.770623,15,0,3,0,1,0,0,0
2549,15,0,2,2,17.31454,29,0,4,0,1,0,0,0
2550,18,1,2,2,14.48845,20,0,3,0,0,0,1,0
2551,15,1,0,1,8.07622,20,0,3,1,0,0,0,0
2552,15,1,0,2,4.29489,20,0,3,0,1,0,0,0
2553,17,0,0,1,7.119368,27,1,4,0,1,0,0,0
2554,18,1,0,1,5.682083,11,1,4,1,0,0,0,0
2555,18,0,1,2,3.521786,22,0,4,0,0,0,0,0
2556,15,0,1,1,14.86666,4,0,3,0,0,0,1,0
2557,16,0,0,1,5.041398,6,1,2,1,0,0,1,0
2558,17,0,0,2,9.083349,8,0,1,1,1,0,0,1
2559,17,0,0,2,7.717189,20,1,2,1,1,0,0,0
2560,17,0,2,3,19.64155,17,0,4,1,1,1,0,0
2561,17,1,3,2,7.821845,20,0,3,0,0,0,0,0
2562,18,0,0,0,1.59965,7,0,2,0,1,0,0,0
2563,18,1,0,1,1.796515,11,1,2,0,0,0,1,0
2564,16,1,2,4,11.81507,19,0,2,1,0,1,0,0
2565,17,0,3,2,11.98727,1,0,2,0,0,0,0,0
2566,17,0,0,2,8.37518,9,0,3,0,0,0,0,0
2567,15,0,0,0,8.636874,18,0,2,1,0,0,0,0
2568,18,1,0,2,1.078652,8,0,1,0,0,0,0,0
2569,17,0,1,0,10.33093,24,0,2,0,0,0,0,0
2570,16,1,0,2,10.09479,23,0,1,0,1,0,0,0
2571,16,0,0,3,2.990986,7,0,4,0,0,0,0,0
2572,18,0,1,4,2.076788,23,0,2,0,0,0,0,0
2573,16,1,0,2,2.47145,23,0,4,0,0,0,0,0
2574,16,1,2,2,2.020565,23,0,1,0,1,0,0,0
2575,18,0,0,3,12.19416,0,0,1,0,0,0,0,0
2576,17,1,0,2,3.929653,5,0,3,0,0,0,0,0
2577,17,1,1,0,5.028603,11,0,3,0,1,0,1,0
2578,16,1,0,2,3.471443,24,0,2,0,0,1,0,0
2579,16,1,3,1,19.15671,23,0,1,0,0,1,0,0
2580,17,1,1,2,17.09235,18,0,0,0,1,0,0,0
2581,18,0,0,2,4.609897,26,0,3,1,0,0,0,0
2582,16,0,2,2,6.551326,16,0,1,1,1,0,0,0
2583,15,1,0,1,4.197857,1,1,2,0,0,0,0,0
2584,18,0,3,1,9.837519,10,1,3,0,0,0,1,0
2585,16,0,0,2,0.392211,17,0,0,0,0,0,0,0
2586,16,1,1,3,13.42736,22,0,1,1,1,0,0,0
2587,15,0,0,2,10.46316,27,1,0,1,0,0,0,0
2588,15,1,0,1,17.97278,21,1,4,0,0,1,0,0
2589,17,1,2,3,3.287854,10,0,2,1,0,1,0,0
2590,18,0,2,3,16.08218,17,0,4,1,0,0,0,0
2591,18,1,0,1,15.83922,7,0,1,0,1,0,0,1
2592,17,1,0,0,2.543624,14,0,3,0,1,0,0,0
2593,18,1,2,2,7.971184,8,0,1,0,0,1,0,0
2594,18,1,3,3,3.403053,14,0,2,0,0,0,0,0
2595,18,1,0,4,5.09441,6,1,3,0,0,0,0,0
2596,18,0,0,3,5.264923,19,0,3,1,0,0,0,0
2597,18,0,0,2,11.12473,12,0,3,0,1,0,0,0
2598,15,1,2,2,8.228219,12,0,3,0,0,0,1,0
2599,18,1,0,0,18.95466,0,0,1,1,0,1,0,1
2600,15,0,0,1,2.527403,19,0,2,0,0,0,0,0
2601,18,1,2,2,19.47384,3,0,2,0,0,0,0,1
2602,17,0,0,2,4.612773,23,0,3,0,0,1,0,0
2603,16,1,0,2,15.45748,3,0,1,0,1,1,0,1
2604,15,1,0,2,6.779399,3,1,4,0,0,0,0,1
2605,18,1,0,1,2.861628,12,0,2,1,0,0,1,0
2606,17,1,0,2,17.15778,1,0,3,0,0,1,1,1
2607,16,1,1,0,6.177218,27,0,1,0,1,0,0,0
2608,15,1,0,2,13.17711,25,0,2,0,0,0,0,0
2609,16,1,1,2,11.32887,22,0,3,1,0,0,0,0
2610,17,0,2,2,9.435126,14,0,2,1,0,0,0,0
2611,15,0,2,4,9.916389,3,0,4,1,0,0,0,1
2612,16,0,0,1,14.64476,26,0,3,0,1,0,0,0
2613,18,1,0,2,1.755458,5,1,2,1,0,0,0,0
2614,15,1,0,1,13.36361,2,0,3,1,0,0,0,1
2615,16,1,0,2,17.91624,6,0,3,1,0,1,0,1
2616,17,1,0,3,1.155764,5,0,3,0,0,0,1,0
2617,17,1,1,2,2.813067,2,1,1,0,0,0,0,1
2618,15,1,0,3,14.33264,3,0,2,0,1,1,0,1
2619,16,1,0,1,8.745633,9,0,3,0,0,0,0,0
2620,15,0,0,3,8.070972,29,1,3,1,1,0,0,0
2621,15,1,1,0,2.739333,20,0,2,0,0,0,0,0
2622,16,0,0,3,10.1354,8,0,1,0,1,0,0,0
2623,16,0,1,1,2.530906,29,0,2,0,0,0,0,0
2624,18,1,0,1,9.532409,5,1,0,0,0,0,0,0
2625,16,1,2,2,15.27231,28,1,3,0,0,0,0,0
2626,17,0,2,3,5.165287,19,1,3,0,0,0,0,0
2627,15,0,0,0,9.615723,26,1,2,1,0,0,0,0
2628,15,1,0,1,19.84032,10,1,3,0,1,1,1,1
2629,17,1,0,3,13.73301,6,0,2,1,1,0,0,0
2630,16,0,0,1,16.82714,17,1,3,0,0,1,0,0
2631,17,1,1,1,8.296952,3,0,1,1,0,0,0,0
2632,17,1,2,2,15.35722,4,0,2,0,0,0,0,0
2633,18,1,1,1,0.810183,3,0,3,0,1,1,0,1
2634,17,0,2,3,2.458224,3,0,1,0,0,1,0,0
2635,15,0,0,2,4.061412,26,1,2,0,0,0,0,0
2636,17,0,0,2,8.039038,12,0,2,0,1,1,0,0
2637,15,1,2,4,16.9149,15,0,1,1,0,0,0,0
2638,15,1,0,2,6.925321,24,0,1,0,1,0,1,0
2639,15,0,1,0,13.09242,13,1,1,0,0,0,0,0
2640,16,0,0,1,14.18629,10,0,4,1,1,1,0,1
2641,18,0,0,2,11.72365,28,0,3,0,0,1,1,0
2642,15,1,3,1,7.144839,1,0,2,0,0,0,0,0
2643,15,0,0,3,11.54107,21,0,3,1,1,0,1,0
2644,16,0,3,2,6.845312,13,0,0,0,0,1,0,0
2645,15,1,3,1,1.677475,23,0,2,1,0,0,0,0
2646,17,1,2,2,19.85608,23,1,1,1,0,0,0,0
2647,17,1,1,2,2.543649,26,0,1,1,0,0,0,0
2648,18,0,1,3,1.446968,6,0,3,1,1,0,0,0
2649,15,1,2,3,17.57061,25,0,1,0,0,0,1,0
2650,16,1,0,2,6.036693,10,0,3,0,1,0,1,0
2651,17,0,0,2,13.00594,3,0,2,1,0,0,0,0
2652,16,1,1,2,6.580115,6,0,0,0,0,0,0,0
2653,16,0,0,2,7.829085,28,0,3,0,1,0,0,0
2654,17,0,0,1,5.242259,15,1,2,1,0,0,0,0
2655,16,1,0,1,6.86088,25,0,2,0,1,0,0,0
2656,17,1,1,2,8.214008,5,0,1,0,0,0,0,0
2657,16,1,2,1,14.40832,26,0,0,0,0,0,0,0
2658,17,1,0,0,10.23072,5,0,4,0,0,1,0,1
2659,15,1,3,2,18.8713,1,0,2,0,0,0,0,1
2660,18,1,1,0,0.837608,23,0,0,1,0,0,0,0
2661,17,0,2,2,10.06137,7,1,3,1,0,0,0,0
2662,17,0,1,2,11.6845,29,0,1,1,0,0,1,0
2663,18,1,2,4,18.40394,26,0,1,0,0,1,0,0
2664,17,0,0,2,0.98317,6,1,1,0,0,0,0,0
2665,17,1,2,0,11.46999,26,0,2,0,0,0,1,0
2666,16,0,0,2,17.0726,24,1,0,0,0,0,0,0
2667,18,0,2,3,4.838555,23,0,2,0,0,0,1,0
2668,15,0,3,4,17.52585,13,0,3,0,0,1,0,0
2669,17,1,0,2,0.380868,8,0,1,0,0,0,1,0
2670,18,0,0,1,14.64909,14,1,2,0,0,0,0,0
2671,16,1,2,3,18.66226,24,1,2,1,0,1,0,0
2672,15,0,0,1,13.14395,21,0,2,0,1,0,0,0
2673,18,0,2,2,8.780585,17,0,4,1,0,0,0,0
2674,15,0,0,2,0.89762,11,0,2,0,0,0,0,0
2675,15,0,0,0,18.40228,22,0,0,0,1,0,0,0
2676,15,0,3,1,9.405924,18,0,2,0,0,1,0,0
2677,17,1,1,1,0.579935,12,0,1,0,0,0,0,0
2678,17,1,2,2,13.79642,6,0,3,0,1,1,0,0
2679,16,0,0,3,9.636745,24,0,0,0,0,0,0,0
2680,16,0,1,1,2.486906,9,0,1,1,1,0,1,0
2681,18,0,1,3,4.285436,29,1,2,0,1,0,0,0
2682,16,0,1,0,1.289814,9,1,1,0,0,0,0,0
2683,15,1,1,2,11.48587,1,0,2,0,1,0,0,1
2684,15,0,1,0,12.44059,13,1,1,0,1,0,0,0
2685,17,1,0,3,10.11485,12,0,4,1,0,1,0,0
2686,15,0,0,2,16.34204,21,1,1,0,1,0,0,0
2687,18,1,2,2,17.22018,28,0,4,0,0,0,0,0
2688,15,0,0,3,12.31249,5,0,2,0,0,1,0,0
2689,15,0,1,2,0.25513,8,1,3,1,0,1,1,0
2690,18,1,0,4,13.90459,12,0,1,0,0,0,1,0
2691,16,0,1,2,8.359984,8,1,3,1,0,1,0,0
2692,16,0,2,3,11.31115,12,1,2,0,0,0,1,0
2693,18,0,0,2,12.98161,4,1,2,1,0,0,0,1
2694,17,1,0,1,7.004732,13,0,3,1,0,1,0,0
2695,15,0,0,2,18.34197,4,0,2,1,0,0,0,1
2696,18,0,1,1,2.679497,8,0,2,0,0,1,0,0
2697,15,1,2,2,13.43024,7,1,0,0,0,1,1,0
2698,17,1,0,2,0.087192,6,0,1,0,1,0,0,0
2699,15,1,2,2,18.49302,7,0,2,0,0,0,0,0
2700,18,0,0,0,2.250083,21,0,0,0,0,0,0,0
2701,15,0,0,1,1.897685,2,0,1,1,0,0,0,0
2702,16,0,3,2,6.660153,22,0,1,0,0,0,0,0
2703,17,1,0,4,7.471326,23,0,1,0,0,0,0,0
2704,17,0,0,1,4.286001,14,1,2,1,1,1,0,0
2705,17,0,0,2,11.70243,7,0,2,0,1,1,0,0
2706,18,1,0,2,8.858282,0,1,4,1,0,0,0,1
2707,17,1,0,2,0.683512,6,0,2,1,0,0,0,0
2708,16,1,0,1,6.393041,18,0,4,1,0,0,0,0
2709,18,1,1,2,16.20866,1,0,3,1,0,0,0,1
2710,16,1,0,1,13.79403,13,0,4,0,0,1,1,0
2711,15,0,1,4,14.49742,17,0,3,0,0,0,0,0
2712,15,1,0,1,13.96234,29,1,3,0,0,0,0,0
2713,15,0,0,1,6.21946,14,0,2,0,0,1,0,0
2714,15,0,1,0,1.993278,13,0,1,0,1,1,0,0
2715,16,1,3,1,5.449344,23,0,1,1,0,0,0,0
2716,18,1,0,2,16.63571,24,1,4,0,1,0,0,0
2717,18,1,2,1,19.60942,18,0,4,0,0,1,1,0
2718,17,0,1,0,9.87694,29,0,3,1,0,0,1,0
2719,16,1,1,2,0.194007,18,0,3,0,0,0,0,0
2720,15,1,1,0,2.800896,21,1,4,0,1,0,1,0
2721,16,1,0,0,6.441612,26,0,2,0,1,0,1,0
2722,17,1,0,3,11.57171,25,0,3,1,0,0,0,0
2723,17,1,1,2,1.501873,16,0,2,1,0,0,0,0
2724,16,0,0,3,18.86715,21,1,2,1,0,0,0,0
2725,16,0,3,3,7.301673,27,0,0,0,0,0,0,0
2726,16,0,0,2,18.25168,18,1,2,1,0,0,0,0
2727,18,1,0,0,15.61044,26,0,3,0,0,0,0,0
2728,15,1,2,2,15.10875,15,0,2,0,0,0,0,0
2729,16,1,0,3,12.13439,19,0,3,0,0,0,1,0
2730,16,0,1,2,12.53568,24,1,2,0,0,1,0,0
2731,16,1,1,2,12.76006,18,0,1,0,0,0,0,0
2732,17,1,3,1,12.57443,0,1,3,1,0,0,0,1
2733,17,1,2,3,11.07456,18,0,3,0,0,0,0,0
2734,18,0,1,2,19.72828,6,1,1,0,1,1,0,1
2735,15,1,1,4,14.64581,28,0,2,0,0,0,0,0
2736,18,0,3,1,15.53893,22,0,2,0,0,0,0,0
2737,15,1,0,1,17.44926,10,0,4,0,0,0,1,0
2738,17,0,0,1,4.312795,4,0,3,1,1,0,0,1
2739,17,0,0,2,1.676083,29,0,1,1,0,0,0,0
2740,17,0,0,1,9.657889,16,0,2,1,1,0,0,0
2741,18,1,1,0,10.28161,10,0,3,1,0,0,0,0
2742,16,1,1,4,16.58364,23,0,3,0,0,0,1,0
2743,16,0,1,0,8.875672,25,0,3,1,0,0,0,0
2744,17,0,0,3,11.41706,7,0,1,0,0,0,0,0
2745,16,1,2,1,10.54142,9,0,3,0,0,0,0,0
2746,16,1,0,3,0.764056,11,0,3,0,0,0,0,0
2747,18,0,1,2,12.3043,9,0,3,0,0,0,0,0
2748,15,1,1,3,16.56087,12,0,2,0,0,0,0,0
2749,17,1,0,3,3.150011,25,1,3,0,0,0,0,0
2750,17,1,0,0,11.88663,17,1,3,0,0,1,0,0
2751,18,1,0,0,11.87221,9,0,3,1,0,0,0,0
2752,18,0,2,1,3.283699,18,0,2,0,0,0,0,0
2753,16,1,3,2,2.469271,19,0,1,0,0,0,1,0
2754,17,1,1,3,19.60104,16,0,2,1,0,0,1,0
2755,15,0,0,2,7.874383,19,0,2,0,0,0,0,0
2756,18,0,0,2,4.548435,15,0,2,1,0,0,0,0
2757,15,1,2,1,3.426491,4,0,2,1,0,0,0,0
2758,15,1,2,3,13.35203,2,0,2,0,0,1,0,1
2759,17,1,0,4,12.18891,29,0,3,0,0,0,0,0
2760,17,1,0,1,12.87104,26,0,1,0,1,0,0,0
2761,18,0,2,2,1.760121,14,0,2,0,0,0,0,0
2762,17,0,0,0,17.87069,25,0,3,0,0,0,0,0
2763,17,0,0,2,7.785328,1,0,2,0,1,0,1,1
2764,17,1,0,2,6.267388,12,1,2,0,0,0,1,0
2765,15,1,1,1,9.247229,21,1,2,0,1,0,0,0
2766,18,1,2,2,7.801321,7,0,2,0,0,1,0,0
2767,16,1,3,1,17.27154,22,0,1,1,0,0,0,0
2768,15,0,1,2,18.58522,26,0,2,0,0,0,0,0
2769,17,0,1,2,6.069064,29,0,4,1,1,1,1,0
2770,15,1,0,0,17.27872,16,0,2,0,0,0,1,0
2771,17,0,1,2,15.63046,3,0,0,1,0,0,0,0
2772,17,1,0,2,18.61615,18,0,3,0,0,0,0,0
2773,15,1,1,1,4.915006,21,0,2,0,0,0,0,0
2774,18,0,0,0,11.53918,24,1,1,0,0,0,0,0
2775,17,1,0,2,5.490892,8,1,3,0,0,0,1,0
2776,18,1,0,4,16.48189,22,0,1,0,0,1,0,0
2777,16,0,0,1,0.106484,14,0,4,0,0,0,0,0
2778,17,1,0,1,11.29638,27,0,2,0,1,0,0,0
2779,18,1,0,1,6.784069,8,1,3,0,0,1,0,0
2780,18,0,3,2,6.453674,23,1,2,0,1,0,0,0
2781,16,1,0,1,12.89813,20,1,1,0,0,1,0,0
2782,18,0,1,1,17.02969,8,0,3,0,0,0,0,0
2783,18,1,2,2,12.18391,13,1,4,1,0,1,0,0
2784,16,0,3,2,17.06346,22,0,3,0,0,0,0,0
2785,17,0,1,1,5.291942,20,1,3,1,0,1,0,0
2786,18,0,2,2,10.39004,15,1,4,0,1,0,1,0
2787,18,1,0,2,9.010731,23,0,1,0,0,0,0,0
2788,18,0,0,0,0.232898,22,0,0,0,0,0,0,0
2789,15,0,0,0,11.13624,24,1,0,0,0,0,0,0
2790,16,0,1,3,13.23049,25,0,3,1,0,0,0,0
2791,15,0,1,0,11.83829,16,0,3,0,0,0,0,0
2792,16,0,0,2,14.7256,12,0,3,1,1,0,0,0
2793,17,1,0,3,11.42679,8,0,4,0,0,0,1,0
2794,17,1,1,1,1.335005,14,0,3,0,0,0,0,0
2795,18,1,0,1,2.32891,6,0,2,0,0,0,0,0
2796,16,1,1,2,11.92949,0,0,1,0,0,0,0,0
2797,17,1,1,3,5.499584,0,0,4,0,1,0,0,1
2798,16,1,2,3,1.592903,4,0,1,0,0,1,1,0
2799,17,1,2,2,8.592055,23,0,2,0,0,0,0,0
2800,15,0,2,0,11.08645,8,0,2,1,1,0,0,0
2801,17,1,0,2,6.57492,11,0,1,0,0,0,0,0
2802,15,0,2,2,14.40867,5,0,3,1,0,0,0,1
2803,17,0,1,2,12.87541,27,1,1,0,0,0,0,0
2804,18,1,0,0,6.656367,12,0,4,0,0,0,0,0
2805,15,0,0,1,15.09745,25,1,2,1,0,0,0,0
2806,17,0,0,2,12.9739,27,0,3,1,0,1,0,0
2807,18,0,0,2,12.74891,7,1,3,0,1,0,0,1
2808,15,0,1,1,11.06855,14,0,3,0,0,0,0,0
2809,18,1,2,1,0.227793,5,0,4,0,0,0,0,0
2810,16,1,0,3,13.93014,26,0,1,1,0,0,0,0
2811,16,1,0,2,7.520836,5,0,0,0,0,0,0,0
2812,15,1,3,1,18.85219,3,0,0,1,0,0,0,0
2813,17,1,0,1,16.3597,10,0,3,0,1,0,0,0
2814,15,1,0,1,11.75389,20,0,4,0,0,1,0,0
2815,18,1,1,3,5.04364,29,1,2,1,0,0,0,0
2816,17,1,1,2,4.074348,17,0,3,1,0,0,0,0
2817,16,1,0,2,6.807697,2,0,0,0,1,0,0,0
2818,17,1,0,2,9.531359,2,0,1,1,0,0,0,0
2819,16,0,0,1,5.92131,29,0,3,1,0,0,0,0
2820,17,1,1,3,10.29859,11,1,0,1,0,0,0,0
2821,17,0,1,2,3.307409,26,1,2,1,1,0,0,0
2822,17,0,0,1,19.55426,20,1,3,0,1,0,0,0
2823,18,0,1,1,2.158491,29,1,3,1,1,1,1,0
2824,18,0,2,2,18.63888,20,0,2,1,1,0,0,0
2825,15,1,0,3,18.27156,5,0,3,0,0,1,1,0
2826,15,0,0,1,10.50721,20,0,2,0,0,0,0,0
2827,16,1,1,3,14.49821,27,1,0,0,0,0,0,0
2828,18,1,0,2,8.720966,5,1,3,1,0,0,0,1
2829,16,0,0,1,12.60069,7,0,1,1,0,0,1,0
2830,15,1,1,0,6.811519,14,0,0,0,1,0,0,0
2831,16,0,2,1,6.02318,17,1,2,0,0,0,1,0
2832,15,0,2,2,11.5646,19,0,3,0,0,0,0,0
2833,18,1,1,1,9.962593,28,1,1,0,1,0,0,0
2834,17,1,2,1,11.59073,15,0,0,0,0,0,1,0
2835,18,0,0,2,5.733212,5,0,1,0,0,0,1,0
2836,16,1,1,2,7.339157,27,0,2,1,0,0,0,0
2837,16,1,0,1,1.677959,20,0,2,0,0,0,0,0
2838,18,1,0,2,1.045527,16,0,1,1,1,0,0,0
2839,18,0,2,2,5.069143,8,0,3,0,0,0,0,0
2840,15,0,1,2,1.484937,18,1,3,1,1,0,0,0
2841,16,1,0,3,2.075494,17,0,3,0,0,0,0,0
2842,16,1,3,1,16.25857,24,1,2,1,0,0,0,0
2843,18,1,0,3,0.777474,22,0,2,0,0,1,0,0
2844,17,1,0,2,13.17886,4,1,2,0,0,0,0,1
2845,16,1,0,2,5.451155,27,0,2,0,0,0,0,0
2846,17,0,2,2,17.43091,5,0,0,0,0,0,0,0
2847,18,1,2,2,9.699846,11,0,3,1,0,0,1,0
2848,18,0,0,1,6.111529,10,0,2,0,0,0,0,0
2849,15,1,1,2,10.35278,15,1,1,1,0,0,0,0
2850,16,0,0,2,7.63916,19,0,1,0,0,0,1,0
2851,17,1,2,2,11.28602,16,0,1,1,0,1,0,0
2852,15,0,0,1,2.290657,19,1,4,0,0,0,0,0
2853,16,1,0,3,19.93981,8,0,1,0,1,0,1,0
2854,15,0,3,2,8.511118,0,1,3,0,1,0,0,1
2855,18,0,0,0,6.964613,25,0,2,1,1,0,1,0
2856,16,0,0,2,14.2042,2,1,3,0,1,0,0,1
2857,15,0,1,2,7.277988,20,0,2,0,0,0,0,0
2858,15,0,3,2,16.66549,22,1,4,0,0,0,0,0
2859,17,0,0,2,9.085414,8,0,1,0,1,1,0,0
2860,15,1,0,3,14.39117,21,0,2,0,0,1,1,0
2861,16,0,0,1,2.149064,18,0,1,0,0,0,0,0
2862,16,1,1,2,16.92238,12,0,2,1,1,0,0,0
2863,17,1,0,3,14.71436,22,0,2,1,0,1,0,0
2864,16,1,1,3,4.234336,13,0,3,1,0,0,0,0
2865,18,1,3,2,2.90572,19,0,2,0,0,0,0,0
2866,16,1,0,3,6.325847,18,1,0,0,0,1,0,0
2867,16,0,0,0,19.52141,29,0,3,1,1,0,0,0
2868,15,0,0,3,5.136631,22,1,2,0,0,0,1,0
2869,15,0,0,1,9.122544,26,0,1,0,1,1,0,0
2870,16,1,2,1,0.600405,26,0,4,1,1,1,0,0
2871,17,0,0,1,7.944551,6,1,4,0,0,0,0,1
2872,15,0,0,2,11.4264,3,1,3,0,0,0,0,1
2873,17,0,1,1,19.06249,11,0,3,0,0,0,0,0
2874,16,0,0,1,10.33472,22,0,0,0,1,0,0,0
2875,16,0,1,1,16.38215,26,0,4,0,0,0,0,0
2876,18,1,0,1,10.94255,13,0,2,0,1,0,0,0
2877,15,0,2,2,0.8157,1,0,1,0,0,1,1,0
2878,16,1,3,2,6.300166,0,0,3,1,0,1,0,1
2879,18,1,1,1,11.51099,27,0,1,0,1,0,0,0
2880,15,1,3,2,19.01188,17,0,2,1,0,0,0,0
2881,16,1,0,3,17.18261,19,1,1,0,0,0,0,0
2882,16,1,0,2,4.567112,7,1,2,1,0,1,0,0
2883,15,0,1,1,4.402197,2,0,2,1,1,0,1,1
2884,15,0,1,2,4.023459,25,0,2,1,1,1,0,0
2885,15,0,0,1,18.44998,5,0,0,1,1,0,1,0
2886,16,1,0,1,17.05332,21,1,2,0,0,0,0,0
2887,16,0,0,1,15.49767,12,0,2,0,0,1,0,0
2888,18,0,0,3,7.854702,8,0,1,0,0,0,0,0
2889,17,1,0,1,10.08761,8,0,4,0,0,0,1,0
2890,15,1,2,0,9.286635,19,0,2,0,0,0,0,0
2891,16,1,0,1,5.067962,8,0,3,0,0,1,1,0
2892,16,1,0,3,10.10056,14,1,1,0,0,0,0,0
2893,15,0,1,2,0.609931,12,0,2,1,1,0,0,0
2894,17,1,1,1,2.636207,21,0,1,1,1,0,0,0
2895,15,1,2,2,17.73179,15,0,2,0,1,0,0,0
2896,17,0,1,2,15.0336,1,0,1,0,0,0,0,0
2897,16,0,0,2,8.457368,25,0,2,1,0,0,0,0
2898,17,1,2,1,10.34301,13,0,2,0,0,1,1,0
2899,18,0,1,3,7.399978,26,0,1,0,0,0,0,0
2900,16,1,0,1,14.8156,5,1,3,0,0,0,1,1
2901,18,1,1,2,15.68374,1,1,4,0,1,0,0,1
2902,15,0,3,0,15.2657,7,0,1,0,0,0,0,0
2903,15,0,0,1,14.45223,3,1,3,1,0,0,0,1
2904,15,1,0,1,4.090087,20,1,3,0,0,0,0,0
2905,17,1,0,2,6.7594,23,0,2,0,0,1,0,0
2906,16,1,0,0,9.396909,13,0,3,1,0,0,1,0
2907,15,0,0,2,6.61586,10,0,4,1,0,0,0,0
2908,15,1,1,1,15.0988,23,0,2,0,0,0,1,0
2909,16,1,0,2,6.58707,27,1,3,1,0,0,1,0
2910,15,1,3,3,2.764642,13,0,3,1,0,0,0,0
2911,18,1,2,2,7.980809,11,0,2,1,0,1,0,0
2912,16,1,1,2,19.59829,15,0,2,1,0,0,0,0
2913,16,0,2,2,4.517628,5,0,4,1,0,0,0,0
2914,16,1,0,1,12.24317,19,0,3,0,1,0,0,0
2915,18,1,0,3,8.659461,0,0,1,1,0,0,0,0
2916,16,1,1,1,1.420491,11,0,1,1,0,1,0,0
2917,18,1,2,2,9.757532,6,1,4,0,1,0,0,1
2918,16,0,2,2,14.04329,7,1,0,0,0,0,0,0
2919,17,0,0,1,10.2644,8,1,3,1,1,0,0,1
2920,15,0,3,1,17.44212,1,1,1,1,1,0,0,1
2921,17,1,0,2,5.77874,16,1,0,0,0,0,1,0
2922,15,1,2,3,1.724983,19,0,0,0,1,0,0,0
2923,18,0,3,3,18.73131,12,0,2,1,0,0,0,0
2924,17,0,0,2,7.563927,4,0,0,0,0,0,1,0
2925,16,0,2,2,11.52811,9,0,2,0,1,0,0,0
2926,15,1,0,3,15.84006,11,0,3,0,1,0,0,0
2927,15,1,0,0,6.486273,16,1,2,0,0,1,0,0
2928,17,0,1,1,14.32329,20,0,3,1,0,0,1,0
2929,18,0,1,2,2.708377,5,0,2,0,0,0,1,0
2930,17,0,3,3,5.825875,2,0,2,0,0,0,0,0
2931,18,1,1,3,2.894213,27,0,2,0,0,1,0,0
2932,18,1,0,2,16.22461,14,1,2,0,1,0,0,0
2933,15,1,2,0,4.452985,6,0,4,1,0,0,0,0
2934,17,0,3,2,14.34807,29,0,3,0,0,0,0,0
2935,17,0,0,1,18.86597,5,0,2,0,0,0,0,0
2936,18,1,3,1,10.55544,3,1,3,0,0,0,0,1
2937,17,0,0,2,10.80058,18,0,2,0,0,0,0,0
2938,16,1,2,0,9.220671,4,0,1,1,0,0,0,0
2939,16,0,0,3,6.517803,2,1,2,0,1,0,0,1
2940,17,0,0,2,9.513101,25,0,3,1,0,0,0,0
2941,17,0,0,2,12.05615,24,0,2,0,0,0,1,0
2942,18,0,1,0,19.71983,8,0,3,0,1,0,0,0
2943,16,1,0,1,18.75529,5,1,2,1,0,0,0,1
2944,16,0,0,0,17.24306,12,0,2,1,0,0,0,0
2945,15,1,1,4,17.78261,26,0,4,1,1,1,0,0
2946,18,1,3,3,9.356984,21,0,2,0,0,0,0,0
2947,15,1,0,2,13.14889,27,0,3,0,0,0,0,0
2948,16,0,0,1,17.90133,29,0,3,1,1,1,0,0
2949,18,1,0,3,7.859015,19,0,4,0,1,1,0,0
2950,17,1,0,1,19.23525,3,0,0,1,0,0,0,0
2951,18,1,2,1,8.315721,1,0,1,1,0,1,1,1
2952,17,0,2,2,12.02165,25,0,3,1,0,0,0,0
2953,17,0,1,3,14.19609,3,0,2,1,0,0,0,0
2954,18,1,0,0,19.01184,7,0,2,0,0,0,0,0
2955,17,0,2,1,4.892325,12,0,1,1,1,0,0,0
2956,15,1,1,3,14.92262,9,0,1,0,0,0,1,0
2957,16,1,2,1,10.41631,17,1,2,0,0,0,0,0
2958,17,0,1,1,5.371143,8,0,1,0,0,0,0,0
2959,15,1,2,2,15.53214,29,0,1,0,1,0,0,0
2960,17,0,1,3,11.04445,0,0,0,1,0,1,1,0
2961,16,0,0,2,13.21948,12,0,1,1,0,0,0,0
2962,15,1,3,4,6.458021,17,1,3,0,1,0,0,0
2963,16,0,1,2,9.625479,14,0,3,0,0,0,0,0
2964,16,0,1,0,12.34709,1,0,0,1,0,0,1,0
2965,15,1,0,4,8.098216,10,0,1,1,0,0,0,0
2966,15,1,1,2,3.967451,28,0,2,1,1,0,0,0
2967,15,0,1,1,19.23281,13,0,2,1,1,0,0,0
2968,18,0,0,2,10.22935,21,0,3,1,0,1,0,0
2969,15,1,0,1,14.67841,14,1,3,0,0,0,0,0
2970,15,0,1,0,8.220944,13,1,3,1,0,0,0,0
2971,15,0,2,0,7.102635,15,0,2,1,0,0,0,0
2972,15,0,1,2,8.143286,22,0,2,1,1,0,1,0
2973,17,0,0,3,8.183933,28,1,3,0,0,0,0,0
2974,18,0,1,2,10.8836,14,0,0,1,1,0,0,0
2975,16,0,0,4,10.8694,18,0,0,0,0,0,0,0
2976,15,0,0,1,9.943076,26,1,0,0,1,1,0,0
2977,17,1,0,1,2.695716,8,0,2,1,1,0,0,0
2978,17,1,0,1,9.92151,4,0,1,0,0,0,0,0
2979,17,1,0,1,3.382078,4,0,1,0,0,1,0,0
2980,16,1,0,1,2.522716,10,0,3,1,0,0,0,0
2981,15,1,0,2,18.65291,27,1,4,1,1,1,1,0
2982,18,0,0,3,12.099,19,0,1,1,0,1,0,0
2983,18,0,1,4,13.1898,24,1,2,0,1,1,0,0
2984,17,0,0,1,8.035873,23,0,1,1,0,0,0,0
2985,16,0,0,3,18.17962,27,0,4,0,0,0,0,0
2986,16,1,2,1,12.75861,3,0,1,1,0,0,1,1
2987,16,0,0,1,15.3834,19,0,3,0,1,0,0,0
2988,18,0,1,3,7.371249,17,0,1,1,0,0,0,0
2989,17,1,0,2,19.20024,24,0,3,0,0,0,0,0
2990,15,0,0,1,16.40923,2,1,1,1,1,0,0,1
2991,18,0,1,2,17.07897,3,1,1,0,1,0,0,1
2992,17,1,1,1,3.443885,13,0,1,1,1,1,0,0
2993,17,0,2,2,5.419264,6,0,1,0,0,0,0,0
2994,15,0,1,2,5.712532,25,1,3,1,0,0,0,0
2995,15,0,3,4,5.418184,7,0,3,0,0,0,0,0
2996,15,0,0,0,17.10816,23,0,2,0,1,0,0,0
2997,16,0,0,1,0.637696,15,1,4,1,0,0,0,0
2998,15,1,0,2,1.522,19,0,2,1,0,0,0,0
2999,17,1,0,2,5.478297,14,0,4,0,1,0,0,0
3000,15,1,1,1,3.997459,6,0,1,0,0,1,0,0
3001,17,1,1,2,4.637192,25,0,4,1,0,1,0,0
3002,18,1,0,3,15.95886,16,0,0,1,0,0,1,0
3003,16,1,3,3,11.26253,21,0,2,0,0,0,0,0
3004,18,0,2,3,0.115413,21,1,2,1,0,0,0,0
3005,18,1,0,3,8.586455,21,0,2,1,1,0,0,0
3006,17,1,0,2,8.157699,11,0,2,0,1,0,1,0
3007,18,0,0,3,2.278905,17,0,2,0,0,1,0,0
3008,17,0,0,1,13.52284,23,1,4,1,0,0,0,0
3009,15,1,0,1,14.04194,13,1,4,1,0,0,0,0
3010,15,0,1,1,14.41786,14,1,4,1,1,0,0,0
3011,17,1,0,2,14.56942,14,0,4,0,0,1,0,0
3012,15,0,0,1,0.001057,4,1,3,0,1,0,0,0
3013,16,1,3,4,19.07842,15,0,4,0,1,0,0,0
3014,18,0,1,1,16.28418,4,0,3,1,0,0,0,1
3015,16,0,3,0,18.07963,1,0,2,0,0,1,0,1
3016,18,1,0,2,0.312866,19,0,3,0,0,0,0,0
3017,15,1,0,0,18.67718,27,1,4,0,0,0,0,0
3018,16,1,1,1,16.19577,24,0,3,0,0,0,0,0
3019,15,1,0,1,16.74438,8,0,2,0,0,0,0,0
3020,18,1,0,2,1.865748,21,0,0,0,0,0,1,0
3021,17,0,1,2,14.77556,26,0,3,1,0,1,0,0
3022,17,1,1,2,19.19833,8,0,4,0,0,0,0,0
3023,16,1,0,2,13.57095,3,0,2,0,0,0,0,0
3024,15,0,0,2,11.41123,14,0,1,0,0,0,0,0
3025,15,0,0,1,18.91259,10,0,2,0,1,1,0,0
3026,16,1,0,1,8.858742,0,1,2,0,1,1,0,1
3027,17,0,0,2,11.98587,17,1,2,0,0,0,0,0
3028,18,0,0,0,9.526766,28,1,3,0,0,0,0,0
3029,16,1,0,0,18.65692,0,1,4,1,0,0,1,1
3030,18,0,3,2,1.521695,7,0,3,0,0,0,0,0
3031,17,0,1,2,10.02239,24,1,2,0,0,0,0,0
3032,15,1,2,1,13.73905,15,0,4,1,1,0,0,0
3033,17,1,0,1,15.83813,25,1,2,0,0,0,0,0
3034,16,0,0,3,11.66037,27,0,1,1,0,0,0,0
3035,15,0,0,3,18.17835,21,1,2,0,1,0,0,0
3036,16,1,0,2,18.83983,17,0,3,0,0,1,0,0
3037,16,0,0,2,1.286384,21,0,3,0,0,0,0,0
3038,17,0,2,2,8.047411,8,0,4,1,1,0,0,1
3039,16,0,1,4,0.46918,11,0,2,0,0,0,0,0
3040,17,1,1,4,6.588333,18,1,1,0,0,0,0,0
3041,15,0,0,1,10.73736,24,0,0,0,1,0,0,0
3042,17,0,3,3,18.2159,17,0,3,0,1,0,0,0
3043,15,1,0,1,16.93109,26,1,3,1,1,0,0,0
3044,17,0,0,1,2.549995,4,0,2,0,1,0,0,0
3045,18,0,0,2,1.860607,26,0,2,1,0,0,0,0
3046,18,1,2,2,11.78535,1,0,4,0,1,0,0,1
3047,16,1,3,3,10.64236,6,0,4,1,1,0,0,1
3048,17,1,0,0,5.327553,26,1,1,0,1,0,0,0
3049,17,1,2,2,17.98906,9,1,3,1,1,0,0,1
3050,15,0,2,3,18.54733,14,1,3,0,0,1,0,0
3051,16,0,0,3,8.052229,24,0,1,1,1,1,0,0
3052,17,1,0,1,17.80605,6,0,2,1,0,0,0,1
3053,16,1,0,1,7.678978,27,0,1,0,0,0,0,0
3054,18,0,3,2,14.73634,4,1,1,1,0,0,0,1
3055,17,1,0,1,9.518844,14,0,3,1,1,0,0,0
3056,17,0,2,4,2.451663,19,0,2,1,0,0,1,0
3057,16,1,0,3,18.55868,27,0,2,0,1,0,0,0
3058,17,0,2,1,9.081932,19,0,2,0,0,0,0,0
3059,16,1,0,1,14.68974,14,1,0,1,0,0,0,0
3060,17,1,1,0,7.343476,9,0,3,0,0,0,1,0
3061,15,0,2,3,0.377618,23,0,2,0,0,0,1,0
3062,16,1,2,1,2.010607,25,0,2,1,1,0,0,0
3063,17,0,2,2,9.92439,28,1,4,0,0,0,0,0
3064,18,0,0,2,13.79929,25,0,2,0,0,1,0,0
3065,17,0,1,2,6.694707,13,0,3,0,0,0,0,0
3066,18,0,0,0,13.90977,25,0,2,1,0,0,0,0
3067,18,0,0,1,13.97271,25,0,3,1,0,0,0,0
3068,15,1,1,3,14.07872,9,1,3,1,0,0,0,1
3069,16,1,0,3,9.850437,16,0,1,1,0,0,0,0
3070,17,0,1,2,18.29772,20,1,3,0,0,1,0,0
3071,15,1,3,0,9.78393,13,0,0,0,0,0,1,0
3072,17,0,0,1,9.005304,1,1,4,0,1,1,0,1
3073,18,1,1,2,3.987616,15,1,2,0,1,1,0,0
3074,16,1,0,1,6.153102,12,0,3,0,0,0,0,0
3075,17,1,0,3,0.84669,26,0,2,1,0,0,1,0
3076,17,1,0,2,12.67071,8,0,3,1,0,1,0,0
3077,18,0,3,0,4.970715,6,0,4,0,0,0,0,0
3078,17,0,2,3,6.083105,15,0,3,1,0,0,0,0
3079,17,1,3,4,15.41629,9,0,1,1,0,0,0,0
3080,18,1,3,0,6.544424,23,1,2,1,0,0,0,0
3081,15,0,0,2,4.843918,21,0,2,0,1,0,0,0
3082,18,1,0,1,3.381155,8,1,2,0,1,0,0,0
3083,15,0,1,1,15.49717,21,0,2,0,0,1,0,0
3084,16,0,0,1,2.594125,22,0,2,0,0,0,0,0
3085,15,0,0,2,9.075075,6,1,2,0,0,1,0,0
3086,15,1,0,4,10.1386,15,0,1,1,0,0,0,0
3087,16,0,1,2,13.7478,8,0,2,0,0,0,0,0
3088,15,1,1,0,12.66567,26,1,1,0,1,1,0,0
3089,18,0,0,2,16.21441,23,1,1,0,1,0,0,0
3090,15,1,0,1,0.895029,28,0,3,1,0,0,0,0
3091,16,1,1,3,5.928814,16,0,0,0,1,0,1,0
3092,18,1,1,2,5.602682,19,0,2,0,0,0,0,0
3093,16,0,0,1,2.920338,6,0,2,1,0,1,0,0
3094,16,0,2,1,5.783565,10,0,2,0,0,0,0,0
3095,17,1,0,2,6.195306,7,0,3,1,0,0,0,0
3096,17,1,0,1,10.43769,6,0,2,0,1,0,0,0
3097,16,1,2,2,13.27409,27,1,1,0,1,0,0,0
3098,16,0,1,1,7.62201,18,1,3,0,0,0,0,0
3099,16,0,0,1,14.3894,19,0,4,1,1,0,0,0
3100,17,0,1,2,6.723307,11,0,0,1,1,0,1,0
3101,17,0,1,3,5.805674,6,0,2,0,0,0,0,0
3102,15,1,2,3,10.82376,7,0,2,0,0,0,0,0
3103,15,1,2,1,0.474327,6,0,1,0,1,0,0,0
3104,16,0,1,1,1.595782,5,0,2,1,1,1,0,0
3105,18,0,0,1,8.359391,24,0,3,0,0,0,0,0
3106,18,1,0,2,18.85825,8,1,1,0,0,1,0,0
3107,17,0,0,2,14.43024,26,1,4,0,0,0,0,0
3108,17,0,0,3,1.762531,12,1,2,0,1,0,0,0
3109,17,0,1,3,16.92636,6,0,2,1,1,0,0,1
3110,16,0,1,1,14.64602,7,0,3,1,0,0,0,0
3111,18,0,0,2,12.21893,21,0,0,0,0,0,0,0
3112,15,0,0,3,16.40586,16,1,2,0,1,0,0,0
3113,16,1,0,3,8.082197,16,0,2,0,0,0,0,0
3114,15,0,0,0,4.430021,15,0,2,0,1,0,0,0
3115,15,0,2,1,10.24047,21,0,2,1,0,0,1,0
3116,16,1,0,2,10.97684,1,0,0,0,0,0,0,0
3117,15,1,1,1,10.76653,29,0,1,0,0,0,0,0
3118,18,1,3,1,11.30148,7,0,1,0,0,0,1,0
3119,15,0,0,0,18.9741,16,0,4,1,1,0,0,0
3120,18,1,0,2,18.04491,12,0,0,0,1,0,0,0
3121,18,0,0,1,17.51434,17,0,1,1,1,0,0,0
3122,18,0,1,0,16.02834,23,0,4,1,0,0,0,0
3123,17,0,1,1,18.86856,27,1,3,1,0,0,0,0
3124,15,1,0,3,1.969893,21,0,2,1,0,0,0,0
3125,16,1,1,3,5.302465,27,0,0,0,1,0,0,0
3126,16,1,2,2,9.901119,9,0,3,0,0,0,0,0
3127,15,1,0,2,16.93069,1,1,1,1,1,0,0,1
3128,17,1,0,4,10.10331,1,0,3,1,1,0,0,1
3129,17,0,2,1,14.96069,26,0,4,1,0,1,1,0
3130,18,0,1,1,2.779198,13,0,2,1,1,0,1,0
3131,15,0,2,1,5.048276,15,0,1,0,1,0,0,0
3132,15,0,1,1,14.63552,6,0,3,0,1,1,0,1
3133,16,1,2,1,3.29468,20,0,2,1,0,0,0,0
3134,15,1,0,3,7.027119,20,1,2,1,1,0,0,0
3135,17,0,2,2,5.297325,23,1,2,0,0,1,0,0
3136,15,1,3,2,6.997234,11,1,3,0,0,1,0,0
3137,16,1,1,3,14.16648,27,0,2,0,0,0,0,0
3138,18,0,0,0,7.356944,22,1,4,0,0,0,0,0
3139,16,0,0,1,11.10527,27,0,3,0,1,0,0,0
3140,16,1,0,2,1.998638,13,0,1,1,0,0,0,0
3141,18,1,0,2,16.10035,24,1,3,0,0,1,0,0
3142,16,0,0,0,7.397773,3,0,1,1,0,0,0,0
3143,16,0,1,2,12.97068,25,0,3,1,1,1,0,0
3144,15,0,1,2,14.50779,3,0,1,1,1,0,0,1
3145,15,1,0,2,4.193218,17,0,2,1,0,0,0,0
3146,18,0,1,2,17.6935,2,1,3,0,1,0,1,1
3147,15,0,0,1,12.32449,0,0,1,1,0,0,0,1
3148,15,1,0,0,8.574503,16,0,3,0,0,0,0,0
3149,16,1,0,2,3.646704,6,0,3,1,1,1,0,1
3150,17,1,1,1,18.84602,29,1,2,0,1,0,0,0
3151,15,1,0,3,15.10136,15,0,2,1,1,0,1,0
3152,17,1,0,2,4.160491,29,0,4,0,0,1,0,0
3153,15,0,0,1,6.754215,4,1,1,0,0,1,1,0
3154,15,0,2,2,16.19349,18,0,3,0,0,1,0,0
3155,18,1,0,2,13.91355,6,0,3,1,0,0,0,0
3156,18,1,1,1,15.31569,13,1,4,0,0,0,0,0
3157,18,1,1,3,8.824022,1,0,3,0,0,0,1,1
3158,17,1,2,3,14.32953,2,1,2,1,0,0,1,1
3159,16,1,3,2,7.729874,16,0,4,0,0,1,0,0
3160,15,0,0,0,4.225258,15,1,3,0,0,0,0,0
3161,15,0,0,2,12.65354,7,1,3,0,1,0,0,1
3162,15,0,2,2,19.52028,17,0,0,0,0,0,0,0
3163,17,0,0,1,6.212019,14,0,2,1,1,1,0,0
3164,18,1,1,1,9.219392,6,1,3,0,0,1,0,1
3165,16,0,1,3,13.48003,26,0,2,1,0,0,0,0
3166,17,1,1,0,10.83013,8,0,2,0,0,0,0,0
3167,18,1,3,2,16.86856,5,0,1,1,0,0,0,0
3168,17,1,3,2,15.23485,17,1,2,1,0,0,0,0
3169,16,0,2,2,1.165944,17,1,1,1,1,0,1,0
3170,18,1,0,0,19.96842,24,0,1,0,0,0,0,0
3171,17,0,2,3,15.04805,25,0,2,0,0,0,0,0
3172,16,0,0,1,17.27807,23,1,3,0,0,0,0,0
3173,15,1,0,2,13.02395,13,1,2,1,1,0,0,1
3174,16,1,2,2,17.1257,13,0,1,0,0,1,0,0
3175,15,1,0,2,2.247659,13,1,1,1,1,1,0,0
3176,17,0,0,4,6.954757,24,1,2,0,0,1,0,0
3177,18,1,0,2,17.52842,3,0,3,0,0,1,0,0
3178,18,0,2,1,4.033104,3,1,3,0,0,0,1,0
3179,17,1,1,4,1.564842,14,0,1,0,1,0,0,0
3180,18,1,1,2,15.76238,14,0,2,1,1,0,0,0
3181,18,0,0,1,16.70972,17,0,3,0,0,0,0,0
3182,15,0,2,1,3.253044,13,1,1,0,0,0,0,1
3183,17,0,2,3,17.08692,25,1,2,0,0,0,0,0
3184,16,0,0,1,13.73536,0,0,2,1,0,0,0,0
3185,15,0,0,2,10.40165,9,0,1,0,0,0,1,0
3186,17,0,0,2,16.605,28,0,0,0,1,0,0,0
3187,15,1,3,1,8.384985,19,1,2,1,1,0,0,0
3188,16,1,1,2,3.879879,9,1,0,0,0,0,0,0
3189,16,0,3,0,5.697054,9,0,1,0,1,0,0,1
3190,17,1,0,2,10.10328,26,0,2,0,1,0,0,0
3191,16,0,2,2,10.62662,23,0,0,1,0,0,0,0
3192,15,1,2,2,16.11162,1,0,2,1,0,0,0,1
3193,16,1,1,2,15.82705,28,0,1,1,1,0,0,0
3194,15,0,3,3,11.62733,27,1,2,1,0,0,0,0
3195,15,0,0,2,15.61571,26,0,3,1,0,0,0,1
3196,16,0,0,0,3.835469,7,0,3,0,1,1,0,0
3197,17,1,1,1,1.001291,0,0,2,0,0,0,0,0
3198,18,0,2,2,17.47268,0,0,0,0,1,0,0,0
3199,16,1,1,3,1.51109,3,0,3,0,0,0,0,1
3200,15,0,0,3,4.933769,6,0,1,1,0,0,0,0
3201,15,1,1,3,13.90638,8,0,0,1,0,1,0,0
3202,16,1,0,1,8.188959,15,1,3,0,0,0,0,0
3203,17,0,0,2,17.52628,4,0,4,0,0,0,0,0
3204,17,1,1,2,5.959596,1,1,2,1,0,0,0,1
3205,15,1,2,1,0.237427,27,0,0,0,1,0,0,0
3206,15,0,0,0,6.013113,22,0,3,0,0,0,0,1
3207,17,1,0,3,11.5615,10,0,0,1,0,0,0,0
3208,18,0,0,1,7.518768,17,1,3,0,0,0,0,1
3209,16,0,0,1,10.69746,24,0,2,1,0,0,1,0
3210,15,0,2,0,17.53196,24,0,2,1,0,0,0,1
3211,15,0,3,3,18.2497,18,1,2,0,0,0,1,0
3212,17,1,0,2,5.319481,12,0,4,0,1,0,0,1
3213,16,1,2,2,9.242809,23,1,3,1,0,0,0,0
3214,17,1,2,3,10.98288,10,0,2,0,1,1,0,1
3215,16,0,2,1,18.98225,19,0,3,0,0,0,0,1
3216,16,1,0,2,19.97235,18,0,2,1,0,0,0,1
3217,16,1,3,0,4.708145,16,1,3,0,0,0,0,1
3218,15,0,0,1,14.5396,4,0,3,0,1,0,0,1
3219,18,0,0,3,7.560621,12,0,0,0,0,0,0,0
3220,17,1,0,2,0.162164,29,0,2,0,0,0,0,1
3221,18,0,0,1,0.18505,26,0,4,0,0,0,0,1
3222,17,0,0,1,9.21132,19,1,4,0,1,1,1,1
3223,16,0,0,2,9.766698,0,0,0,0,1,0,0,0
3224,15,0,0,0,0.451394,9,0,1,0,0,0,0,0
3225,18,1,2,1,13.73855,7,0,4,1,0,0,1,0
3226,15,0,2,1,5.880068,23,0,2,1,1,0,0,0
3227,17,0,0,1,11.19786,28,0,2,0,1,0,0,0
3228,15,0,2,3,6.018381,7,0,1,0,0,0,0,1
3229,15,0,2,1,3.342686,18,1,3,1,1,0,0,1
3230,18,0,2,1,8.143475,5,1,1,1,0,0,1,0
3231,16,0,0,2,4.645467,11,0,1,1,0,0,0,0
3232,15,0,1,3,10.69602,27,1,1,1,0,0,0,0
3233,16,0,3,1,3.976571,6,0,4,0,0,0,0,1
3234,17,1,1,0,10.16812,15,0,3,0,0,1,0,0
3235,15,0,0,1,3.14757,8,0,3,1,0,1,0,0
3236,18,1,1,2,13.41949,20,0,2,1,0,0,0,1
3237,17,0,1,2,15.07875,24,0,4,0,0,1,0,0
3238,17,0,1,3,2.207885,21,1,3,0,0,0,0,1
3239,18,0,0,4,9.356048,9,1,3,0,0,0,0,0
3240,15,0,0,2,1.417434,9,0,4,0,1,0,0,1
3241,15,1,2,2,11.96365,9,0,2,0,0,0,0,1
3242,17,0,2,2,5.288086,19,1,3,1,0,0,0,1
3243,15,0,0,0,10.55249,28,0,4,1,0,0,0,1
3244,16,1,3,4,10.34922,15,0,3,1,1,0,1,0
3245,18,1,0,1,18.48709,0,0,2,1,0,0,0,1
3246,16,0,1,1,10.98166,16,0,0,0,0,0,0,0
3247,15,1,2,2,11.65997,29,0,3,1,1,1,0,0
3248,17,1,2,1,8.033063,25,1,2,1,0,1,0,0
3249,18,1,3,2,18.98159,20,1,1,0,0,1,0,0
3250,15,0,0,2,15.54372,28,0,3,1,0,1,0,0
3251,15,0,2,2,5.708106,13,1,2,0,1,0,0,0
3252,17,0,0,3,16.88419,18,0,2,1,0,0,0,1
3253,17,1,2,1,8.647927,20,0,3,0,1,0,0,0
3254,16,0,2,2,16.57334,20,1,2,0,0,1,0,0
3255,18,1,1,2,16.45776,16,0,0,0,1,0,1,1
3256,18,0,0,2,3.777404,13,0,2,0,0,0,0,0
3257,17,0,2,2,14.02282,7,0,0,0,0,0,0,0
3258,16,1,0,1,5.812859,20,1,1,0,0,0,0,1
3259,18,0,0,2,5.949853,20,1,0,0,0,0,0,1
3260,17,1,2,1,5.926962,8,1,1,0,0,0,0,0
3261,15,1,0,3,14.51136,7,0,2,0,1,0,1,0
3262,18,0,2,1,4.596521,12,1,2,1,0,0,0,0
3263,16,1,0,2,0.018117,16,0,4,1,0,1,0,1
3264,16,0,0,0,14.30474,18,1,2,1,0,0,0,1
3265,16,0,2,1,3.423695,27,0,3,1,0,0,0,0
3266,15,1,1,2,2.089648,6,0,2,0,1,1,0,0
3267,18,0,0,3,4.750322,16,0,3,0,0,0,0,1
3268,18,1,2,2,7.59801,0,1,3,0,0,0,0,0
3269,15,0,1,3,9.518127,4,1,2,1,0,0,0,0
3270,18,0,1,2,0.891401,24,0,1,1,0,0,0,1
3271,15,0,0,2,19.41147,5,0,2,0,0,0,1,0
3272,15,0,2,1,14.32126,25,1,3,0,0,0,0,0
3273,15,0,2,3,6.463881,1,0,2,1,1,0,0,0
3274,16,1,2,1,6.373945,26,1,3,0,1,0,0,0
3275,18,1,0,3,8.970851,24,1,1,0,1,0,0,1
3276,15,1,2,3,12.5249,15,0,0,1,1,0,0,1
3277,18,1,1,3,2.927461,21,0,2,0,0,0,0,0
3278,16,1,1,2,3.778596,4,0,3,1,0,0,1,1
3279,15,1,0,2,17.18869,4,0,2,0,1,0,0,0
3280,17,0,2,2,5.125098,11,0,3,1,1,0,0,0
3281,16,0,2,1,7.6039,2,1,1,1,0,1,0,1
3282,17,1,0,2,17.42544,29,0,2,0,0,0,0,1
3283,18,1,0,0,13.26296,15,0,3,1,0,0,0,1
3284,18,0,2,2,6.834238,5,0,3,1,0,0,0,0
3285,16,0,0,1,13.67399,14,0,1,1,0,0,0,1
3286,18,0,3,1,0.393664,14,1,2,0,1,1,1,1
3287,17,1,1,1,14.71285,28,0,3,0,0,0,0,1
3288,15,1,1,2,9.740321,15,0,0,0,0,0,0,0
3289,15,1,0,2,16.26364,19,1,3,1,0,1,0,0
3290,15,0,0,0,19.09275,12,0,2,1,0,0,1,0
3291,16,0,3,2,18.51577,11,0,1,0,0,0,0,1
3292,18,1,0,1,18.1853,9,0,3,0,1,0,0,1
3293,17,1,2,2,10.2434,13,1,1,1,1,0,1,0
3294,18,0,0,2,7.202842,1,0,4,0,1,0,0,1
3295,18,0,0,2,9.300706,28,1,3,0,0,0,0,1
3296,18,0,0,2,13.79792,2,1,3,0,0,0,0,0
3297,15,0,1,1,17.67996,8,0,0,0,1,0,0,0
3298,17,1,3,2,4.139726,10,0,4,1,0,0,0,0
3299,17,0,0,2,18.36386,10,0,3,0,1,0,1,1
3300,18,0,0,2,16.3036,24,0,1,0,1,0,1,1
3301,15,0,0,2,19.57712,21,1,2,1,0,0,0,0
3302,15,1,1,0,17.60504,9,0,1,0,0,0,0,0
3303,17,1,0,2,5.598747,25,0,4,0,0,0,0,0
3304,15,0,2,2,2.119118,13,1,3,1,0,0,0,1
3305,15,0,1,1,2.244821,8,0,4,1,0,0,0,0
3306,15,0,1,0,5.824466,19,0,3,0,1,0,0,0
3307,16,1,0,0,12.28367,26,0,2,0,1,0,0,0
3308,18,1,3,3,16.08641,20,0,1,0,0,1,0,0
3309,17,1,0,2,17.98501,9,1,1,1,0,0,1,0
3310,17,0,0,1,12.47507,21,0,1,0,0,0,0,1
3311,16,1,1,1,0.112626,28,0,2,0,0,0,0,1
3312,18,0,1,2,3.726336,8,0,4,0,0,0,1,1
3313,17,0,0,3,1.994524,28,0,4,1,0,0,1,0
3314,15,0,0,0,7.26649,4,0,1,0,0,0,0,0
3315,17,1,2,1,10.02702,7,0,3,0,0,1,0,0
3316,15,0,0,3,0.867944,10,1,2,0,0,0,0,1
3317,16,1,2,0,6.96956,0,1,2,0,0,0,0,1
3318,15,1,1,1,3.583593,20,0,3,1,0,0,0,0
3319,17,0,0,4,12.9414,9,0,2,1,0,1,1,0
3320,17,0,0,2,9.285447,0,0,4,1,0,1,1,0
3321,17,1,0,1,9.906353,25,0,3,1,1,0,0,0
3322,16,0,2,0,8.553836,29,0,3,0,1,0,0,0
3323,16,1,1,0,19.12039,21,0,1,1,0,0,0,0
3324,18,0,0,1,4.294703,6,0,1,0,0,0,0,0
3325,17,1,1,3,10.33329,27,0,2,0,0,0,0,0
3326,15,1,3,2,14.72035,13,1,3,1,0,0,1,1
3327,16,1,0,2,11.13689,4,0,4,1,1,0,0,1
3328,17,1,3,3,18.58042,16,1,2,1,0,0,0,0
3329,17,0,0,2,7.559367,21,0,3,1,0,0,0,0
3330,16,0,0,1,9.273516,25,0,2,1,0,0,0,0
3331,18,1,0,2,1.770446,20,1,1,0,1,0,1,0
3332,16,1,0,3,12.17998,5,0,3,1,1,0,0,0
3333,16,0,0,3,5.764239,15,1,3,1,0,0,0,1
3334,15,0,0,0,3.206181,10,0,1,1,1,0,1,0
3335,15,0,3,2,10.89063,9,0,2,1,0,0,0,0
3336,18,0,2,2,10.64621,14,0,2,0,0,0,0,1
3337,17,0,2,3,1.517433,6,0,1,1,0,0,0,1
3338,16,0,0,1,13.96431,22,1,4,0,0,1,0,1
3339,18,1,0,2,12.47544,1,1,2,1,0,1,0,1
3340,15,0,0,3,3.780346,11,1,1,0,1,0,0,0
3341,16,0,2,2,9.388697,18,0,1,0,1,0,0,0
3342,17,1,3,2,14.40646,11,0,4,0,0,0,0,1
3343,15,0,0,0,10.58871,15,0,3,0,0,0,1,0
3344,15,0,0,1,7.909782,5,0,3,0,0,0,0,1
3345,15,0,1,1,6.446769,2,1,0,0,0,0,1,0
3346,18,0,0,3,12.20788,1,0,3,0,1,0,0,0
3347,17,0,0,1,18.78217,19,0,2,0,0,1,0,1
3348,16,1,1,2,13.4349,4,0,3,0,0,1,0,0
3349,18,0,2,2,1.494918,10,1,4,0,0,1,0,0
3350,18,1,0,1,9.213699,25,1,1,1,0,0,0,0
3351,18,1,0,2,17.81648,24,0,2,0,0,1,0,0
3352,15,0,3,2,1.889249,2,0,0,0,1,0,0,0
3353,17,1,0,3,19.77751,2,0,2,0,1,0,1,1
3354,18,0,0,2,18.98139,21,0,1,0,0,0,0,0
3355,16,1,0,2,1.56549,4,1,4,1,1,0,0,0
3356,17,1,0,1,18.66827,21,0,2,0,1,1,0,1
3357,16,0,0,3,7.262652,22,0,3,0,0,0,0,0
3358,17,0,2,1,16.89418,10,0,3,0,0,0,1,0
3359,16,0,0,2,8.367667,2,0,4,1,0,0,0,1
3360,15,0,0,1,8.817102,12,1,2,1,0,1,0,0
3361,18,0,1,3,12.68486,20,0,2,0,0,0,0,0
3362,16,1,1,2,15.48955,7,0,0,0,0,0,0,1
3363,17,1,2,2,0.675783,19,1,0,0,0,0,0,0
3364,18,1,2,1,11.86312,9,0,3,1,0,0,0,0
3365,18,1,0,2,3.73466,1,1,0,0,0,0,0,1
3366,17,1,2,2,6.91899,3,0,2,0,0,0,0,0
3367,16,1,0,2,6.959373,17,0,0,0,0,0,0,0
3368,15,1,3,1,9.381207,18,0,3,0,0,1,0,1
3369,15,0,0,4,6.682728,3,0,2,0,0,1,1,1
3370,16,0,3,3,2.147222,19,0,1,0,0,0,1,0
3371,18,1,2,1,2.912575,25,0,1,0,1,0,1,0
3372,18,1,0,3,0.66876,8,0,2,0,0,0,1,0
3373,18,0,1,2,9.404982,15,0,3,0,0,0,0,1
3374,18,0,3,2,19.08895,25,0,2,0,0,0,0,1
3375,16,0,2,1,2.313504,5,1,3,1,0,0,0,1
3376,18,0,0,2,18.92529,24,0,1,1,0,1,1,1
3377,17,1,2,2,14.66723,3,0,0,1,0,0,0,1
3378,18,0,0,2,12.74998,8,1,0,1,1,0,0,0
3379,15,1,0,2,12.90556,26,0,2,0,0,1,1,0
3380,18,1,0,2,16.53455,12,0,3,0,0,0,0,1
3381,16,1,0,2,2.138397,8,0,1,1,1,0,0,1
3382,15,0,2,0,10.09509,5,0,3,0,0,0,0,1
3383,16,0,0,3,13.94182,20,0,2,0,0,0,0,0
3384,16,1,2,2,11.73641,18,1,4,0,0,0,0,0
3385,15,1,0,1,16.65558,13,1,3,0,1,0,0,0
3386,16,1,0,1,1.445434,20,0,3,1,1,0,0,1
3387,16,0,0,2,13.81402,14,0,2,0,0,0,0,0
3388,18,1,0,3,10.68055,2,0,4,1,0,0,0,1
3389,17,0,0,1,7.583217,4,1,4,0,1,0,0,0
3390,16,1,0,2,6.8055,20,0,2,0,0,0,1,0
3391,16,1,1,0,12.41665,17,0,2,0,1,1,0,1
3392,16,1,0,2,17.81991,13,0,2,0,0,0,1,1
